season_id,POR,WAS,SEA,DET,CHI,BUF,PHL,NOJ,LAL,GOS,CLE,MIL,NYK,ATL,KCK,PHX,HOU,BOS,IND,DEN,SAN,NYN,NJN,SDC,UTH,DAL,LAC,SAC,MIA,CHH,ORL,MIN,TOR,VAN,GSW,PHI,UTA,SAS,MEM,NOH,CHA,NOK,OKC,BKN,NOP
21975,1495.7061654389568,1556.2084285246053,1498.4591764348004,1457.7998250484584,1476.7613737041959,1516.4175596907899,1492.2892902953163,1509.8913172418072,1474.2395447348551,1579.3665276570025,1547.227337826101,1493.4669992027523,1492.0576016534264,1426.3382710659473,1477.5431105587932,1478.3567602136236,1498.0582467243012,1529.812463984267,1500.0,1500.0,1500.0,1500.0,1500.0,1500.0,1500.0,1500.0,1500.0,1500.0,1500.0,1500.0,1500.0,1500.0,1500.0,1500.0,1500.0,1500.0,1500.0,1500.0,1500.0,1500.0,1500.0,1500.0,1500.0,1500.0,1500.0
21976,1566.5734738569206,1538.1832026161353,1498.4802689757053,1508.4812441747354,1469.4703887515236,1442.9464344998596,1564.3848245286865,1459.1083458435476,1562.1383360659793,1552.479863776792,1541.0571617132289,1424.9846732507476,1494.8653628966588,1396.0260260299585,1507.9098184137238,1502.1840365514558,1522.779510940335,1487.259511629973,1478.9550313491843,1588.4876751530064,1514.9506001775285,1400.7942088043144,1500.0,1500.0,1500.0,1500.0,1500.0,1500.0,1500.0,1500.0,1500.0,1500.0,1500.0,1500.0,1500.0,1500.0,1500.0,1500.0,1500.0,1500.0,1500.0,1500.0,1500.0,1500.0,1500.0
21977,1658.3547901813868,1537.9805335580381,1517.9591520740316,1483.3113375270668,1532.814447984362,1423.3923799553982,1627.4484887247677,1454.18804390759,1550.2411313561413,1524.9409234846864,1513.6401045965433,1498.1916769894474,1508.0112823589038,1478.363703175363,1464.8586435840496,1554.0147341035063,1459.507318742048,1458.5759190348515,1448.2531214992227,1546.3175900775927,1563.0661336359408,1345.1490397754935,1395.7945036735707,1500.0,1500.0,1500.0,1500.0,1500.0,1500.0,1500.0,1500.0,1500.0,1500.0,1500.0,1500.0,1500.0,1500.0,1500.0,1500.0,1500.0,1500.0,1500.0,1500.0,1500.0,1500.0
21978,1522.912666668405,1606.3356671424108,1588.8504050860201,1447.8908800087945,1427.9247921625667,1405.7343004967843,1570.78042204734,1414.051065903814,1596.286390129399,1523.603554447887,1470.587310078602,1520.3374980285944,1464.667452813908,1541.595013662242,1547.9194334124343,1580.3994889626824,1491.9145659114695,1432.354922475487,1459.5600381968952,1532.1848542512926,1604.4869751515898,1385.1117798316202,1449.4241788670274,1477.1175942627358,1500.0,1500.0,1500.0,1500.0,1500.0,1500.0,1500.0,1500.0,1500.0,1500.0,1500.0,1500.0,1500.0,1500.0,1500.0,1500.0,1500.0,1500.0,1500.0,1500.0,1500.0
21979,1535.337862651523,1480.7570155680146,1623.2303612425928,1378.2329822339198,1434.6709490061398,1430.5507253725882,1604.7093144669902,1401.0372251122035,1620.801567474686,1448.5133372344706,1466.818854372705,1566.3443946448333,1469.284443811735,1576.8007848952832,1583.5562260778047,1595.9694262726239,1517.2280652681252,1597.4878300639457,1488.9446547401908,1466.1980420267707,1520.5614395681716,1415.0838348737152,1461.4767154438964,1480.5785021834815,1412.348882893591,1500.0,1500.0,1500.0,1500.0,1500.0,1500.0,1500.0,1500.0,1500.0,1500.0,1500.0,1500.0,1500.0,1500.0,1500.0,1500.0,1500.0,1500.0,1500.0,1500.0
21980,1505.1071187795105,1505.7269620773102,1516.9077818723722,1327.2121493293523,1519.1568974812533,1449.1630440294412,1679.2540546259456,1427.0279188341526,1635.43071551749,1483.7518725957084,1453.650452678512,1655.5320890973949,1540.7818812958378,1489.0960226097673,1508.1396092022567,1638.2066552892554,1495.3411442061172,1679.937133774315,1538.155852408299,1454.5481759464178,1567.6178939457432,1437.5628761552864,1395.6524156482321,1456.2988339542283,1403.0229730276824,1326.3600537431203,1500.0,1500.0,1500.0,1500.0,1500.0,1500.0,1500.0,1500.0,1500.0,1500.0,1500.0,1500.0,1500.0,1500.0,1500.0,1500.0,1500.0,1500.0,1500.0
21981,1530.9563143440669,1531.0809955366872,1564.3537541686626,1481.0198002222573,1499.2681347852779,1463.1222830220809,1658.1060932561397,1446.5209391256144,1616.3178416340372,1521.675086370914,1329.0559543779564,1648.1488769409652,1498.1153389739331,1485.3036922925278,1438.0754055987804,1572.2037491829249,1515.3997292490849,1663.2791913643164,1501.6783502352257,1515.2102901460416,1563.0417865028421,1454.4221571164649,1470.1344393360826,1394.0484982321607,1373.4456396941052,1364.9975918846017,1500.0,1500.0,1500.0,1500.0,1500.0,1500.0,1500.0,1500.0,1500.0,1500.0,1500.0,1500.0,1500.0,1500.0,1500.0,1500.0,1500.0,1500.0,1500.0
21982,1540.2751427339865,1514.525961556755,1570.591512091241,1502.3569808100492,1429.895013630969,1473.5917122665605,1720.2498581423922,1461.140704344211,1651.4753599244768,1448.9884963584443,1315.3798112210816,1618.067345961057,1509.9968776303751,1520.9673973629697,1494.6509767567543,1595.9510719713599,1334.2727581199915,1663.9303417341284,1383.1253200449105,1509.3366439904019,1559.266082941494,1467.0666178373485,1580.1906358267847,1367.2179574165493,1398.0469489104348,1476.178920610588,1500.0,1500.0,1500.0,1500.0,1500.0,1500.0,1500.0,1500.0,1500.0,1500.0,1500.0,1500.0,1500.0,1500.0,1500.0,1500.0,1500.0,1500.0,1500.0
21983,1575.9069558758003,1489.0712839474254,1516.133773522121,1559.8644471050507,1420.7456948885676,1481.4437841999204,1607.6657205416607,1472.1055282581583,1596.8670544102354,1437.6708433306733,1409.9648093726203,1564.0687900972632,1600.5253775927831,1484.6043846558264,1490.6034217834485,1529.9984303542717,1401.0624963213274,1647.0382544486154,1386.2716375948787,1493.7431319552938,1510.3084181370511,1476.5499633780114,1545.2021283738961,1410.157552003541,1506.1505631550228,1498.8278923430219,1500.0,1500.0,1500.0,1500.0,1500.0,1500.0,1500.0,1500.0,1500.0,1500.0,1500.0,1500.0,1500.0,1500.0,1500.0,1500.0,1500.0,1500.0,1500.0
21984,1534.1961114341154,1501.355445964043,1452.5926770436674,1572.2889344733435,1463.8364612892767,1487.3328381499402,1635.4024312056615,1480.3291461936187,1629.6409321961048,1372.4113943844388,1421.0904523301688,1649.1758916092253,1438.8401508255572,1479.6087802309182,1440.5704517476406,1500.1129279121467,1509.21649804936,1677.0033295249132,1388.7887549238105,1555.9694480017815,1501.1371579238266,1483.6624725335087,1527.3022991184266,1453.4816023002154,1496.2739308752277,1530.8193041737554,1434.4744288201714,1500.0,1500.0,1500.0,1500.0,1500.0,1500.0,1500.0,1500.0,1500.0,1500.0,1500.0,1500.0,1500.0,1500.0,1500.0,1500.0,1500.0,1500.0
21985,1534.2387008463925,1496.721297613688,1446.3638416206027,1543.0867076565398,1425.7885601091502,1491.7496286124551,1582.7359348686068,1486.496859645214,1684.9882375073225,1399.7459176765885,1486.1607683763498,1675.8669848821323,1384.4206898335779,1523.415504858719,1466.8733965312433,1445.0711599185925,1558.8423567462369,1694.6409328638335,1415.4683608752089,1550.2613526429739,1493.0889406761764,1488.9968544001315,1505.5911617017566,1466.3612017251617,1499.8403021649415,1524.9299608910167,1390.546676118561,1459.143398562975,1500.0,1500.0,1500.0,1500.0,1500.0,1500.0,1500.0,1500.0,1500.0,1500.0,1500.0,1500.0,1500.0,1500.0,1500.0,1500.0,1500.0
21986,1566.728666358447,1491.3855211460993,1495.5296725006285,1593.4318722801315,1497.3240090779623,1495.0622214593413,1542.6023834091345,1491.1226447339104,1674.9407241834374,1469.0191733039846,1418.6185106195715,1610.7732894229766,1388.5568514675506,1627.9092874354556,1476.4050473984325,1437.9602972761022,1518.835574898402,1693.6927856214543,1487.0363786478486,1478.0154395451127,1399.2234447658038,1492.9976408000987,1426.3863735349828,1476.0209012938712,1519.7796550984358,1608.6499080659098,1314.2871120984837,1433.7813810010418,1500.0,1500.0,1500.0,1500.0,1500.0,1500.0,1500.0,1500.0,1500.0,1500.0,1500.0,1500.0,1500.0,1500.0,1500.0,1500.0,1500.0
21987,1571.3971336071622,1485.0796767720024,1514.0042999341472,1611.8701271099012,1572.540202153295,1497.546666094506,1494.2683026455513,1494.5919835504328,1666.3330884769712,1372.639270050706,1501.826922885865,1564.427446751338,1453.9215494060659,1621.4415943552374,1483.5537855488244,1425.4548221254233,1548.785313950473,1635.32248099751,1500.8321110792613,1551.6067385407857,1417.9249802898053,1495.998230600074,1358.4627984021542,1483.2656759704034,1541.5513190755946,1590.3708283674027,1284.3395026001217,1390.2007242424427,1500.0,1500.0,1500.0,1500.0,1500.0,1500.0,1500.0,1500.0,1500.0,1500.0,1500.0,1500.0,1500.0,1500.0,1500.0,1500.0,1500.0
21989,1628.4147719849934,1458.654543579099,1531.2855158809532,1654.328976966389,1598.8721911013286,1499.4099995708796,1569.0254793543936,1497.1939876628246,1658.0419692482283,1425.0802109814695,1500.6183684048215,1506.6399161387976,1558.2781244128344,1525.121779436076,1488.9153391616182,1582.038273629249,1516.3069152356545,1590.8535722601055,1501.6097274520603,1545.6728194822024,1535.8491131733904,1498.2486729500556,1343.8334583916374,1488.6992569778026,1611.4468543962673,1538.3208119980816,1395.3531274149714,1371.90932737363,1353.619785071483,1361.4404683364191,1376.1799540502257,1422.1548696096513,1500.0,1500.0,1500.0,1500.0,1500.0,1500.0,1500.0,1500.0,1500.0,1500.0,1500.0,1500.0,1500.0
21990,1697.6824468403418,1411.6187493371267,1509.3376690548318,1604.5673903829781,1669.2637143253623,1500.8074996781597,1548.4949713434135,1499.1454907471184,1660.3381694103475,1516.0627545089992,1455.6969696003937,1552.0781015767031,1495.8415397453416,1538.5638211122377,1492.9365043712137,1630.0913712616373,1582.1063274069425,1645.7637681905628,1493.7526071215675,1355.5930493764188,1613.4482714110284,1499.9365047125416,1364.336954918128,1492.7744427333519,1595.6207542196098,1455.171285372889,1408.94820313744,1354.8066285681698,1358.2070005503401,1372.8420182212199,1364.4511483329422,1399.777508696338,1500.0,1500.0,1500.0,1500.0,1500.0,1500.0,1500.0,1500.0,1500.0,1500.0,1500.0,1500.0,1500.0
21991,1663.3852322157309,1397.795227256747,1537.131728218558,1554.1594398177383,1737.434745126809,1501.8556247586198,1479.4966040790794,1500.609118060339,1536.6015991849667,1593.3428720328561,1586.2457587462736,1498.5829653832986,1570.5822387544097,1499.4051732506232,1495.9523782784104,1622.2668754201468,1507.2153388076772,1556.446246968389,1520.7379892315096,1353.9906231553305,1600.8174835578318,1501.2023785344063,1438.617893913842,1495.830832050014,1604.326189117307,1352.1237156398097,1496.790643017808,1372.4365861679635,1427.1341004478033,1414.0028286356815,1371.8291361552367,1356.698161214057,1500.0,1500.0,1500.0,1500.0,1500.0,1500.0,1500.0,1500.0,1500.0,1500.0,1500.0,1500.0,1500.0
21992,1598.9344340338923,1367.70629947204,1632.4602918255341,1495.7504867674197,1669.7103006957182,1502.6417185689647,1406.8453625014886,1501.7068385452542,1493.8343149279747,1510.2735761471213,1638.0357308299951,1429.894023792723,1623.1639873198985,1484.5265885952017,1498.2142837088077,1675.6646386066473,1556.552591101314,1545.4171335835686,1535.2928062477229,1407.2188877807714,1567.1020086375825,1502.1517839008047,1529.3844817980664,1498.1231240375105,1575.4678929514864,1215.3818639520948,1526.082023733517,1415.6502287017527,1462.6841315285506,1478.9442091158046,1481.5499452304525,1322.4198067597752,1500.0,1500.0,1500.0,1500.0,1500.0,1500.0,1500.0,1500.0,1500.0,1500.0,1500.0,1500.0,1500.0
21993,1572.8444709608002,1353.789084032954,1669.727462538149,1391.5115188606744,1611.543533530209,1503.2312889267237,1386.803621262181,1502.5301289089407,1421.7821999260746,1519.0264582295217,1598.917918677018,1361.8636159899027,1659.468807739997,1615.1317745156243,1499.9107127816058,1630.2560092272167,1631.2517001665378,1457.818617107142,1551.121338599285,1513.367959766991,1603.0788533399077,1502.8638379256035,1527.4883419785292,1499.8423430281327,1581.6533020189368,1233.9044337092946,1427.3724742094366,1377.8157560332197,1544.321528944819,1497.4521533482205,1568.4139835698932,1335.4841166960496,1500.0,1500.0,1500.0,1500.0,1500.0,1500.0,1500.0,1500.0,1500.0,1500.0,1500.0,1500.0,1500.0
21994,1578.4027871003364,1350.3317319693165,1676.731802258818,1354.5021753597005,1573.0942387215664,1503.6734666950429,1360.8427754573277,1503.1475966817056,1510.3314337818083,1444.1979620933705,1554.4693548468078,1379.7219782033678,1598.6524636298088,1533.0071900530743,1501.1830345862043,1622.5079559186045,1578.2207577206955,1437.0058572359708,1590.1147555342766,1529.9136485236818,1638.964091398228,1503.3978784442027,1463.3455273785637,1501.1317572710996,1656.039635239182,1415.2497867472803,1324.0926349425642,1485.6145463782211,1469.5036834655984,1555.1018758391906,1651.463467609089,1309.7341588274885,1500.0,1500.0,1500.0,1500.0,1500.0,1500.0,1500.0,1500.0,1500.0,1500.0,1500.0,1500.0,1500.0
21995,1532.3242063530054,1478.8939526919462,1677.6991806365531,1492.2780602279165,1739.4130665173057,1504.005100021282,1305.6038743637368,1503.6106975112793,1576.8193841206146,1445.7582476394564,1523.2148951532074,1406.2914014836426,1575.1036574804473,1544.0897159285846,1502.1372759396531,1537.1558917019622,1568.0076400746077,1431.4155404448225,1594.8758836900213,1482.5247384424392,1659.3405055513765,1503.798408833152,1414.3349757504893,1502.0988179533247,1649.7413363510113,1406.2269838256814,1404.099145335491,1472.1247971291873,1497.0207801742513,1512.9960758038794,1619.2821974144888,1376.1389454099824,1390.9336835996119,1325.9099438797346,1500.0,1500.0,1500.0,1500.0,1500.0,1500.0,1500.0,1500.0,1500.0,1500.0,1500.0
21996,1559.5279930154431,1517.5697314082784,1664.2748725390486,1621.8635891619708,1776.0780012366608,1504.2538250159614,1343.3566135681817,1503.9580231334594,1608.7083332180896,1471.955960587224,1561.9830635728304,1455.9660519837144,1585.1018311324963,1607.8511511763197,1502.85295695474,1496.2482573153409,1584.9875837619782,1367.4348623343058,1542.9356122729673,1387.1843567172261,1608.8929682683636,1504.098806624864,1384.6519507257838,1502.8241134649934,1593.5597894390276,1366.9710417860638,1436.4962237149377,1421.826185410365,1630.4563292907621,1554.490323073337,1550.3279722536813,1444.2786028102453,1399.0654797592078,1263.8201516327338,1433.40083251387,1404.8595947658675,1622.530041948322,1372.3086779869457,1500.0,1500.0,1500.0,1500.0,1500.0,1500.0,1500.0
21997,1563.6250563212352,1543.4978956240013,1652.8064978604075,1536.3321694697684,1684.3516099821204,1504.440368761971,1383.7674601761364,1504.2185173500945,1646.4885790249025,1480.216970440418,1560.1317849724064,1477.7122371909838,1572.5310041669031,1592.5740258390983,1503.389717716055,1586.8850322502199,1545.467207768608,1416.790475234597,1623.7026460378765,1250.7242293119145,1582.9197262012729,1504.324104968648,1512.2669070182092,1503.368085098745,1571.4198420792707,1333.1858842872666,1342.5033506535829,1431.334389179924,1642.1775402888436,1575.6657363745996,1487.9892691609273,1497.235700868055,1345.2040842705335,1294.7976699755006,1315.9541969845473,1411.1850191178933,1659.502196498088,1526.0266281560812,1500.0,1500.0,1500.0,1500.0,1500.0,1500.0,1500.0
21998,1584.6220164957633,1491.7745505721696,1554.1563010357504,1566.1603568579535,1491.2504891444803,1504.5802765714784,1414.0755951321023,1504.4138880125709,1622.2009526326958,1486.4127278303135,1538.9315576871888,1511.2445644529416,1529.79559557568,1588.1287845972722,1503.7922882870412,1558.564036042512,1515.888997738582,1444.8396054344012,1622.0915153035119,1319.8452719684387,1563.4397946509546,1504.4930787264861,1450.9330098478208,1503.7760638240588,1554.814881559453,1388.1940756807799,1299.573534537349,1415.5962892466378,1622.1747296970111,1516.1455426112914,1561.9704298585789,1513.6063314095823,1402.2406246736564,1281.3134011926616,1403.3098587252443,1534.4258344478449,1676.079679332272,1627.678831116752,1500.0,1500.0,1500.0,1500.0,1500.0,1500.0,1500.0
21999,1645.600319889429,1424.7329255908824,1521.306676544006,1546.3348130185195,1315.856033813772,1504.685207428609,1436.8066963490767,1504.560416009428,1679.5414796771502,1491.0595458727353,1442.3966218787027,1524.3723835905157,1560.7168620909313,1467.064737568817,1504.094216215281,1601.583242934499,1473.334777049458,1466.353469197271,1619.528472791261,1423.7661578622801,1548.829845988216,1504.6198090448647,1469.772522901471,1504.0820478680441,1542.3611611695896,1461.0864693630278,1292.7624812187228,1535.1565840032617,1587.0469691801097,1556.3396210742173,1513.4260664858855,1520.9930946683094,1506.599005381745,1330.4496675618707,1359.8362419878267,1535.4697998367926,1616.1062184451498,1638.2688603317333,1500.0,1500.0,1500.0,1500.0,1500.0,1500.0,1500.0
22000,1618.271082121007,1359.555121730861,1519.0921664630164,1458.033665578616,1271.1413390699356,1504.7639055714567,1453.8550222618076,1504.670312007071,1626.2629530206973,1494.5446594045516,1426.8121327377933,1555.5345191486354,1542.3671580376672,1364.2634605467235,1504.3206621614609,1588.2276279131754,1544.601874332337,1458.9556635824258,1518.5710716134352,1472.9563085623276,1537.872384491162,1504.7148567836484,1405.8477728062317,1504.311535901033,1533.0208708771922,1583.7073197739455,1371.3191290664388,1615.9216746553923,1566.2837568651805,1567.0748639601009,1514.3235830890435,1549.4872828181665,1527.2369880548972,1379.7948328591117,1336.7140840866962,1616.8052373603184,1620.9563567537464,1657.98290534529,1500.0,1500.0,1500.0,1500.0,1500.0,1500.0,1500.0
22001,1574.5884566397797,1433.026495118094,1573.4147063616522,1524.3399196914918,1312.1582626617092,1504.8229291785924,1466.6412666963556,1504.7527340053034,1659.5803773496161,1497.1584945534137,1406.959607447957,1555.7252359405884,1443.2063117731748,1399.6373615365374,1504.4904966210956,1529.397741873687,1455.6564020096394,1517.7522230953184,1501.8327030597968,1422.7403376063828,1529.6542883683715,1504.7861425877363,1533.489579191732,1504.4836519257747,1526.0156531578941,1614.6761734029283,1509.5420007535963,1659.8877264007672,1478.17531903593,1509.393973732678,1531.711608669884,1588.9181416731797,1514.7520243144345,1392.4413446493731,1351.188969481285,1542.77823713192,1552.7957232268534,1659.0596759981913,1390.999809136733,1500.0,1500.0,1500.0,1500.0,1500.0,1500.0
22002,1585.2321711142451,1481.5299689339913,1517.4245169537899,1596.126346832392,1382.940372445639,1504.8671968839444,1476.2309500222668,1504.8145505039774,1570.4109900058256,1499.1188709150601,1322.495988457211,1485.1142777198315,1451.3571221005975,1429.3898651844263,1504.6178724658216,1520.016044623858,1507.1828677322064,1524.990723461238,1561.6623766493622,1345.752989443176,1523.4907162762786,1504.8396069408022,1603.1322020326206,1504.6127389443309,1520.7617398684206,1691.7236733576958,1434.2144374244458,1652.015142173087,1425.8534159642436,1547.7841457891877,1495.2638624159279,1560.3090256749701,1402.6055684320659,1420.58100848703,1452.8404832321692,1545.0029277499161,1553.9542656214455,1651.3294282022955,1401.4393097197274,1522.6943187890654,1500.0,1500.0,1500.0,1500.0,1500.0
22003,1511.4892064889289,1388.9786292176034,1502.01083080838,1598.1557100077498,1373.9763762381124,1504.9003976629583,1483.4232125167,1504.860912877983,1617.2897603919228,1500.589153186295,1400.8372373190016,1514.737397430861,1465.117311055947,1399.2063658606282,1504.713404349366,1460.624855722251,1558.5504622880712,1466.67236900307,1610.4810466067795,1488.4764647486036,1518.868037207209,1504.8797052056016,1556.4319072904013,1504.7095542082482,1516.8213049013154,1615.0837443896605,1433.6051508013184,1650.860936491964,1450.853295570019,1537.0881093418907,1383.723644823552,1619.5218062928325,1410.0540484971893,1441.6857563652725,1476.7637902221252,1478.8619888603519,1504.5336091568818,1658.9475273893856,1550.3007968870752,1520.6072419749323,1500.0,1500.0,1500.0,1500.0,1500.0
22004,1460.0614425542776,1476.5670890463507,1584.4644024222116,1588.130524537637,1464.0937868934946,1504.9252982472187,1488.817409387525,1504.8956846584874,1517.103907409384,1501.6918648897213,1505.6086902398422,1456.0001395599638,1452.7461802260964,1318.9372708264614,1504.7850532620246,1621.4552619121919,1559.9078105178992,1502.0527663099717,1542.0935500611477,1526.6596233621044,1515.4010279054069,1504.9097789042012,1452.5176710631276,1504.7821656561862,1513.8659786759865,1621.9038809126719,1474.843541748182,1583.2088030854497,1629.9304550589313,1529.0660820064181,1437.4392217044503,1568.0741515445407,1443.21145542627,1457.5143172739545,1433.0611671813517,1461.9523322844523,1441.3120216175275,1715.0157347557745,1570.354725404642,1377.016985236807,1375.590540973487,1500.0,1500.0,1500.0,1500.0
22005,1363.143902423667,1505.9698484930022,1452.3829839062873,1672.5790136134747,1509.6414740958608,1504.943973685414,1492.8630570406438,1504.9217634938655,1509.1796632175635,1502.518898667291,1550.265525309719,1456.926925515646,1379.1983672782476,1326.2633459697977,1504.8387899465183,1641.241384280113,1523.5338234778162,1476.56057808259,1544.0773927802823,1552.7450575600894,1512.800770929055,1504.932334178151,1553.3532813611087,1504.8366242421396,1511.64948400699,1676.7543115827468,1540.782294830617,1538.3423991642007,1613.769608054166,1523.0495615048135,1431.0706495217555,1510.6370879206058,1426.2837094846939,1469.3857379554659,1493.62552379017,1481.7639309695405,1445.2461863608182,1662.174069285145,1570.6672563936424,1376.7358445595978,1379.936369362843,1493.6345417617151,1500.0,1500.0,1500.0
22006,1394.9916354547001,1530.889483491978,1473.8288238977461,1602.675661793574,1578.0175370728111,1504.9579802640606,1495.8972927804828,1504.9413226203992,1541.536575964941,1503.1391740004683,1566.9411973534939,1440.0043288411985,1420.6382933426885,1400.0720075798615,1504.8790924598889,1655.5845942138506,1585.6423947331232,1407.4875726608689,1480.1923162342969,1522.4260235751137,1510.8505781967913,1504.9492506336132,1505.9941693015917,1504.8774681816046,1509.9871130052425,1685.0898098099465,1513.8443647550907,1505.0879729805097,1510.6811723199523,1518.5371711286102,1504.551892054563,1459.0056938835016,1487.342483589335,1478.2893034665994,1483.9666323236975,1431.5407650080583,1568.6704385998205,1674.854994489991,1438.2637642439943,1408.8018834196982,1416.3884709115337,1462.6018089041127,1500.0,1500.0,1500.0
22007,1480.6988865232431,1492.6103985825598,1355.2124465842844,1642.2201643376568,1479.3572312975487,1504.9684851980455,1498.1729695853621,1504.9559919652993,1609.504184694386,1503.6043805003512,1528.876440402226,1382.1476649643466,1377.765593899258,1446.8782101811182,1504.9093193449166,1630.1070085280041,1604.928649634582,1640.5509386893627,1445.341535236374,1572.1128218476651,1509.3879336475934,1504.9619379752098,1437.8083878181858,1504.9081011362034,1508.7403347539318,1623.1217900967652,1429.9174951162538,1454.7506402675588,1361.1736448915265,1515.1528783464578,1573.9790725738483,1350.601314402066,1551.4278175148897,1484.9669775999496,1572.5195118776887,1486.5332784222694,1606.4069573664583,1635.4634048240546,1383.1183181746496,1567.330774684086,1424.5758124239449,1509.920676247371,1500.0,1500.0,1500.0
22008,1566.5235565112325,1385.744003203946,1364.9782281576618,1541.6362903182896,1475.0147352949293,1504.9763638985341,1499.8797271890217,1504.9669939739745,1706.2028537228878,1503.9532853752635,1659.608875130518,1433.9637337930772,1415.7325645689293,1520.7020453797604,1504.9319895086874,1565.5920833293112,1605.1651442248394,1698.962841988954,1470.7897748057749,1598.8132718848294,1508.2909502356952,1504.9714534814075,1455.406883753072,1504.9310758521526,1507.8052510654488,1557.392797286229,1337.0229376974692,1360.9219599734124,1462.637681851248,1512.6146587598432,1653.1932559536308,1388.8147412253122,1457.2972712215592,1489.975233199962,1447.0706429733839,1514.8976644072973,1593.0605668276646,1613.1215433983643,1354.1869124175876,1596.1755584449043,1458.3275881815157,1508.690507185528,1388.8222889650551,1500.0,1500.0
22009,1594.2088085021448,1382.1750138028904,1399.9836711182463,1410.6199964499299,1492.874177439637,1504.9822729239006,1501.1597953917662,1504.975245480481,1667.772967730397,1504.2149640314476,1697.6576258375082,1501.1926795069378,1421.98693212759,1589.8188801789959,1504.9489921315155,1573.1743544518663,1552.5630187997092,1627.7966421355175,1436.8876883455723,1615.0644071098927,1507.4682126767714,1504.9785901110556,1316.6179458930828,1504.9483068891145,1507.1039382990866,1584.8329003378262,1378.15178801486,1365.2978162235818,1531.428176765695,1510.7109940698824,1634.2437207463408,1318.4887372787841,1479.2246845786722,1493.7314248999714,1408.6667752117423,1436.8169056918641,1601.8154657373602,1605.4930189059917,1474.69449630045,1485.8417339120015,1524.5842749313063,1507.767880389146,1539.6099186030897,1500.0,1500.0
22010,1552.7823977303187,1351.454960862811,1426.2377533386848,1399.1454705912356,1609.197069207233,1504.9867046929255,1502.1198465438247,1504.9814341103606,1624.8422682084902,1504.4112230235858,1390.107387179457,1496.6390934798826,1486.6863947423644,1554.314637501101,1504.9617440986367,1541.2333975070649,1517.0317667733227,1624.3939535602617,1490.6997478884832,1585.5015240379335,1506.8511595075786,1504.9839425832918,1358.4495287936304,1504.9612301668358,1506.577953724315,1621.5141288595435,1402.1588718953628,1357.394118643107,1648.0109986315706,1509.2832455524117,1640.4516468208437,1331.8103484485746,1391.3049376518313,1496.5485686749785,1442.6359441857508,1494.782939908623,1534.6254354462883,1669.4603843007455,1523.0280789939911,1532.6756781032082,1461.8933185437152,1507.0759102918596,1590.4747351666824,1500.0,1500.0
22011,1535.5591246849237,1340.8667052621167,1445.9283150040137,1392.7685423822763,1673.432977643424,1504.990028519694,1502.8398849078685,1504.9860755827706,1601.6134819783365,1504.5584172676893,1381.994638500236,1492.5207726084943,1518.6778692448997,1521.7120279599606,1504.9713080739775,1508.0902141774525,1527.7919967812113,1550.482636529242,1539.9441632096316,1580.5592988577312,1506.3883696306839,1504.9879569374689,1351.3064185733258,1504.9709226251268,1506.1834652932362,1573.3865042206153,1533.9792853815986,1406.1225164505654,1667.3573248163664,1508.212434164309,1572.3188361416892,1434.3515343921665,1376.5284650333463,1498.661426506234,1464.5494894301119,1563.0687044440087,1497.9562890386514,1632.6556939293725,1574.4398049298497,1433.1838499110781,1295.1424691623536,1506.5569327188946,1663.6642370725358,1500.0,1500.0
22012,1458.8716947680584,1422.6921878153287,1460.6962362530103,1426.773678639971,1568.3081496341856,1504.9925213897704,1503.3799136809014,1504.9895566870778,1540.4626283198133,1504.668812950767,1367.071261319254,1493.4073868203538,1594.1353491642456,1536.2507488364763,1504.9784810554831,1433.965475052851,1560.9278139826326,1530.994284242233,1583.0211829530053,1613.7231953076885,1506.041277223013,1504.9909677031017,1384.18241169878,1504.978191968845,1505.8875989699272,1500.6507299642815,1630.1402617312795,1408.5504775948227,1650.9942486235568,1507.4093256232318,1386.978225598126,1439.8405248013569,1446.9248383419608,1500.2460698796754,1509.277498871224,1451.4213954377824,1524.5053686058768,1681.4995580640077,1612.1942467672789,1440.0290214449503,1273.1408956440262,1506.1676995391708,1684.695225945004,1536.3894385702658,1500.0
22013,1571.4398179676045,1506.0280584546397,1471.7721771897577,1417.9837970939993,1527.9230293735932,1504.9943910423278,1503.784935260676,1504.9921675153082,1435.7626802898894,1504.7516097130751,1394.3327162822804,1335.3685680071678,1490.1270267098655,1491.8517164110465,1504.9838607916124,1527.296308201819,1613.5264491087246,1421.008271945507,1623.4700244626893,1527.0201441446027,1505.7809579172597,1504.9932257773262,1414.386808774085,1504.9836439766339,1505.6656992274454,1563.6249018938843,1647.5398472032625,1436.707851430075,1661.7341631277006,1506.8069942174238,1354.5567866451547,1548.4858143239073,1548.0327395194704,1501.4345524097566,1602.4822506903365,1322.8885437601184,1424.402140996373,1656.5137424158665,1570.7506837970004,1441.7409512503668,1443.6031723214378,1505.8757746543781,1683.6411312085688,1506.756748058653,1471.7776675508173
22014,1624.3281299427827,1542.2652021608417,1480.0791328923183,1413.1250927500466,1575.8947938672106,1504.9957932817458,1504.088701445507,1504.9941256364812,1381.8533080556062,1504.8137072848062,1559.1129984456327,1455.8184398649305,1363.0481293215773,1609.746681553607,1504.9878955937093,1537.2901683165305,1619.0363740215196,1431.5910894620465,1484.256257756318,1458.6129745203511,1505.5857184379447,1504.9949193329946,1437.0401065805638,1504.9877329824753,1505.499274420584,1599.9146366499608,1644.7854422126038,1438.3960761621613,1484.960747207503,1506.3552456630678,1354.6950878952125,1381.1495065299257,1585.3729923333913,1502.3259143073174,1701.9894747270607,1295.8421063858787,1456.552071155795,1638.1642269065105,1625.0516827892786,1457.555713437775,1471.2266326703004,1505.6568309907836,1571.0918042442427,1467.6729441523823,1509.6325229858346
22015,1535.0170303433026,1493.6521952986418,1486.3093496692386,1513.8512110725524,1512.8152188367935,1504.9968449613093,1504.3165260841301,1504.995594227361,1313.2200448018914,1504.8602804636048,1631.5959962362124,1438.7520507757097,1408.567136527656,1564.4036377806403,1504.990921695282,1395.780109613316,1529.7219649396427,1570.0254775640337,1540.4394622453356,1442.7382819425911,1505.4392888284585,1504.996189499746,1454.030079935423,1504.9907997368564,1505.374455815438,1532.763975263634,1622.1258173399885,1447.8848515707953,1522.2553812649007,1506.0164342473008,1433.6600417736631,1374.8864398312933,1585.1461048649473,1502.994435730488,1766.1505395055915,1270.8320178874405,1533.44824212156,1739.428313770676,1526.2624602492017,1469.4167850783313,1510.9048511720498,1505.4926232430878,1636.4969672138002,1387.3591941500517,1469.173180327369
22016,1510.3943435248057,1548.3230064947502,1490.982012251929,1493.1365124463757,1487.564299642528,1504.9976337209819,1504.4873945630975,1504.9966956705207,1370.9328673863063,1504.8952103477036,1609.5229866802338,1483.1699858785648,1426.0261584812336,1512.7265901150993,1504.9931912714615,1369.956484319815,1608.3389882063857,1575.5988415689003,1502.0680878099088,1488.0758508544948,1505.329466621344,1504.9971421248094,1466.7725599515672,1504.9930998026423,1505.2808418615787,1467.2644356628127,1598.6977118637833,1435.4380840920348,1509.1651940808588,1505.7623256854756,1405.4855058971352,1465.149890864752,1601.6723439084133,1503.495826797866,1741.0975013914856,1346.7495583398038,1584.6532243299316,1696.8464466748671,1523.279182665178,1478.3125888087484,1528.6600368267684,1505.3694674323158,1574.1403942840861,1324.8789699815147,1435.5051629411332
22018,1586.940302817194,1475.475162096431,1494.486509188947,1471.8747426268758,1384.3418867839766,1504.9982252907364,1504.6155459223232,1504.9975217528904,1459.4186117435613,1504.9214077607776,1371.4711308591754,1642.7944213822532,1329.340744431775,1397.7265290802525,1504.994893453596,1332.4424861516677,1586.8031708310273,1586.9943504780344,1572.4180411377772,1596.2817701006297,1505.247099966008,1504.9978565936071,1476.3294199636755,1504.9948248519818,1505.210631396184,1469.24545773086,1563.6290904561017,1471.9291689952026,1506.0526362082344,1505.5717442641067,1457.2759644833034,1489.3384323916512,1621.0278300613672,1503.8718700983995,1662.8981305515765,1532.2628712311275,1579.49106338094,1567.8533650893228,1473.5908236996745,1484.9844416065612,1484.1407677020773,1505.2771005742368,1576.1443487012643,1455.6685723231146,1501.0171118840224
22019,1521.4230871262039,1411.0252041187478,1497.1148818917102,1427.542775514766,1385.4088626836647,1504.9986689680522,1504.7116594417425,1504.998141314668,1617.6531159957462,1504.9410558205832,1337.9327502807703,1707.9104823349116,1335.366508934714,1367.7447792478608,1504.996170090197,1442.3136095955365,1615.7266502796513,1623.9081175773688,1561.8555456249262,1589.6893782954985,1505.1853249745059,1504.9983924452054,1483.4970649727566,1504.9961186389864,1505.157973547138,1562.9670071550433,1607.8433566449128,1454.1779996593311,1563.8545838915145,1505.4288081980799,1508.8790763500344,1423.50616897705,1639.7411324298685,1504.1539025737998,1405.4805727663734,1569.3048784053872,1596.8526234095834,1507.8009243196866,1468.8026916582,1489.988331204921,1397.330422831816,1505.2078254306775,1577.3363897067804,1490.454422461621,1472.083620780282
22020,1521.7998326233503,1421.4204863087605,1499.0861614187827,1390.7978720446742,1442.3337311668672,1504.9990017260393,1504.783744581307,1504.998605986001,1598.0850964746141,1504.9557918654373,1376.3685787984166,1614.4889431860704,1492.3542206874815,1490.2402161065813,1504.9971275676478,1611.8144080462382,1412.9149769261803,1554.1567955252178,1523.5021340802416,1588.8652236725143,1505.1389937308795,1504.998794333904,1488.8727987295674,1504.9970889792398,1505.1184801603536,1544.6072697374932,1626.116525961778,1446.436369196737,1515.6198748287704,1505.32160614856,1404.0984101894783,1358.82970285412,1537.0824183121033,1504.3654269303497,1474.6908603603372,1589.1919706244503,1639.0999225997912,1509.0641199297306,1533.0809611678696,1493.7412484036909,1461.661901312015,1505.155869073008,1426.983274194569,1571.6349114288075,1504.0965459481295
22021,1456.6735399853992,1467.335185552277,1500.564621064087,1343.6928285888166,1532.8623799931659,1504.9992512945296,1504.8378084359802,1504.9989544895006,1472.2795592180785,1504.966843899078,1514.1226223554152,1574.3415176756653,1504.3625615963401,1530.7354922925308,1504.9978456757358,1667.316605316099,1324.6660536137783,1571.9891514180458,1462.1822635835713,1566.0346119492926,1505.1042452981596,1504.999095750428,1492.9045990471755,1504.9978167344298,1505.088860120265,1562.7697076250674,1517.6999354106463,1411.3012811771112,1590.0517325484966,1505.24120461142,1329.7584329156862,1523.1509753635014,1521.6693491717451,1504.5240701977623,1619.673304141398,1580.9516158728204,1626.2682105502065,1474.6169215839877,1584.0626159773617,1496.5559363027683,1494.4592932307326,1505.116901804756,1333.7414393591446,1540.0447299224318,1474.7642477312288
22022,1431.6035156207229,1477.7925964997294,1501.6734657980653,1363.2451688879612,1503.7187029269455,1504.999438470897,1504.878356326985,1504.9992158671255,1460.797827816253,1504.9751329243086,1571.8499993698458,1579.6743442797515,1543.0509573973368,1517.2888605468636,1504.9983842568017,1571.2446612256317,1334.879511222093,1646.7040535244262,1441.7226400205857,1578.803512705046,1505.0781839736196,1504.999321812821,1495.9284492853817,1504.9983625508223,1505.0666450901988,1541.6093481047128,1507.0272831772584,1499.3473763917632,1531.7555614453213,1505.180903458565,1418.7095524757958,1518.3965124659285,1528.2383131793013,1504.6430526483218,1532.9537161487299,1590.4727570651326,1526.2389964939919,1375.291407325908,1601.6016846359519,1498.6669522270763,1422.3496865885638,1505.087676353567,1464.8675320510035,1544.0255920565855,1542.421952640891
