,,Rk,Tm,G,MP,FG,FGA,FG%,3P,3PA,3P%,2P,2PA,2P%,FT,FTA,FT%,ORB,DRB,TRB,AST,STL,BLK,TOV,PF,PTS
1988,0,1.0,Seattle Supersonics,5,240.0,46.0,89.2,0.516,2.2,7.8,0.282,43.8,81.4,0.538,20.0,28.4,0.704,13.8,30.8,44.6,27.6,5.2,4.0,15.4,29.8,114.2
1988,1,2.0,Denver Nuggets,11,240.0,42.0,93.0,0.452,3.0,10.9,0.275,39.0,82.1,0.475,23.8,28.8,0.826,15.1,27.2,42.3,22.9,6.8,4.8,11.3,24.7,110.8
1988,2,3.0,San Antonio Spurs,3,240.0,45.7,97.0,0.471,2.3,6.7,0.35,43.3,90.3,0.48,16.0,22.3,0.716,15.0,23.3,38.3,27.7,11.0,3.7,18.0,24.0,109.7
1988,3,4.0,Atlanta Hawks,12,240.0,42.6,84.7,0.503,1.2,4.5,0.259,41.4,80.2,0.517,22.3,28.3,0.785,12.7,26.1,38.8,26.4,7.6,5.1,12.1,26.2,108.6
1988,4,5.0,Milwaukee Bucks,5,240.0,39.8,83.2,0.478,1.4,5.2,0.269,38.4,78.0,0.492,27.6,35.8,0.771,16.0,28.0,44.0,24.6,6.6,3.4,15.2,24.6,108.6
1988,5,6.0,Dallas Mavericks,17,240.0,42.9,86.6,0.496,1.5,5.5,0.269,41.5,81.2,0.511,20.5,27.2,0.755,16.4,28.4,44.8,24.2,7.4,5.1,14.9,20.8,107.9
1988,6,7.0,Los Angeles Lakers,24,240.0,40.8,81.8,0.499,2.4,6.0,0.393,38.5,75.7,0.508,21.5,27.7,0.779,13.0,27.5,40.5,25.9,7.2,4.7,14.0,21.2,105.6
1988,7,8.0,Houston Rockets,4,240.0,39.0,86.3,0.452,2.3,6.3,0.36,36.8,80.0,0.459,24.3,29.5,0.822,16.0,28.0,44.0,19.8,8.0,4.3,14.8,22.5,104.5
1988,8,9.0,Portland Trail Blazers,4,240.0,41.0,96.0,0.427,2.5,7.8,0.323,38.5,88.3,0.436,19.8,26.3,0.752,19.0,29.0,48.0,22.5,9.8,4.3,16.3,29.0,104.3
1988,9,10.0,Boston Celtics,17,244.4,37.9,79.7,0.476,2.4,6.8,0.345,35.6,72.9,0.488,25.2,30.9,0.816,11.9,28.5,40.4,26.8,6.0,4.8,14.9,22.5,103.5
1988,10,11.0,Utah Jazz,11,240.0,38.4,79.5,0.483,2.3,5.5,0.417,36.1,74.0,0.488,24.4,31.5,0.772,10.5,27.7,38.3,25.5,7.6,6.6,16.3,22.4,103.4
1988,11,12.0,Cleveland Cavaliers,5,240.0,40.0,80.6,0.496,1.0,4.8,0.208,39.0,75.8,0.515,19.4,26.4,0.735,12.0,28.4,40.4,23.8,5.8,6.4,15.6,19.4,100.4
1988,12,13.0,Detroit Pistons,23,244.3,38.4,82.6,0.465,0.9,3.5,0.259,37.5,79.1,0.474,22.0,29.2,0.754,14.0,30.3,44.3,22.3,7.4,4.6,13.8,25.8,99.7
1988,13,14.0,New York Knicks,4,240.0,38.3,87.0,0.44,4.0,11.8,0.34,34.3,75.3,0.455,18.8,23.0,0.815,13.5,27.3,40.8,25.5,8.3,5.3,15.8,28.8,99.3
1988,14,15.0,Washington Bullets,5,245.0,36.4,79.0,0.461,0.2,1.8,0.111,36.2,77.2,0.469,24.2,32.8,0.738,13.4,24.6,38.0,16.4,7.0,5.2,15.2,24.6,97.2
1988,15,16.0,Chicago Bulls,10,240.0,38.4,85.1,0.451,0.8,3.1,0.258,37.6,82.0,0.459,17.2,21.2,0.811,14.3,28.7,43.0,23.4,7.1,4.0,14.9,23.8,94.8
1988,16,,League Average,10,241.3,40.2,84.3,0.478,1.8,5.8,0.314,38.4,78.5,0.49,22.0,28.4,0.777,13.8,28.1,41.9,24.4,7.2,4.8,14.4,23.7,104.3
1989,0,1.0,Phoenix Suns,12,240.0,45.0,95.1,0.473,2.8,8.8,0.314,42.3,86.3,0.489,25.6,30.4,0.841,16.9,33.4,50.3,27.5,9.3,4.6,15.8,22.8,118.3
1989,1,2.0,Denver Nuggets,3,240.0,43.3,94.7,0.458,5.3,13.0,0.41,38.0,81.7,0.465,20.7,25.7,0.805,12.0,32.3,44.3,24.0,7.7,1.7,16.7,29.0,112.7
1989,2,3.0,Los Angeles Lakers,15,240.0,40.0,80.5,0.497,3.4,9.7,0.349,36.6,70.8,0.517,27.1,34.7,0.781,12.5,29.6,42.1,25.4,6.9,4.9,14.7,22.5,110.5
1989,3,4.0,Golden State Warriors,8,240.0,42.8,93.9,0.455,2.6,12.8,0.206,40.1,81.1,0.495,21.8,26.5,0.821,14.1,29.0,43.1,20.0,9.8,8.5,14.5,24.3,109.9
1989,4,5.0,Portland Trail Blazers,3,240.0,42.7,94.0,0.454,3.0,9.7,0.31,39.7,84.3,0.47,18.7,24.7,0.757,17.7,23.7,41.3,27.0,7.0,5.3,13.3,24.7,107.0
1989,5,6.0,New York Knicks,9,245.6,40.4,85.0,0.476,4.3,12.1,0.358,36.1,72.9,0.495,21.6,29.7,0.727,15.2,28.0,43.2,26.1,7.9,4.0,16.1,25.6,106.8
1989,6,7.0,Houston Rockets,4,240.0,40.0,84.8,0.472,2.8,7.3,0.379,37.3,77.5,0.481,23.8,32.5,0.731,12.8,26.5,39.3,24.3,9.3,5.3,16.5,25.0,106.5
1989,7,8.0,Philadelphia 76ers,3,248.3,42.7,88.3,0.483,1.3,7.0,0.19,41.3,81.3,0.508,19.0,27.0,0.704,10.7,29.3,40.0,29.0,6.7,4.7,12.3,25.0,105.7
1989,8,9.0,Utah Jazz,3,240.0,38.3,89.7,0.428,4.0,11.3,0.353,34.3,78.3,0.438,24.7,29.7,0.831,18.0,32.0,50.0,18.0,7.0,5.0,18.7,26.0,105.3
1989,9,10.0,Atlanta Hawks,5,250.0,35.4,78.6,0.45,2.6,9.2,0.283,32.8,69.4,0.473,29.8,38.6,0.772,15.2,26.4,41.6,25.6,5.4,5.8,13.2,24.0,103.2
1989,10,11.0,Seattle Supersonics,8,240.0,39.9,87.9,0.454,2.6,10.0,0.263,37.3,77.9,0.478,19.6,27.6,0.71,17.4,26.4,43.8,23.3,8.6,7.5,15.8,27.3,102.0
1989,11,12.0,Detroit Pistons,17,240.0,37.9,80.1,0.473,2.5,8.4,0.296,35.4,71.7,0.494,22.4,29.4,0.762,13.8,30.4,44.2,22.6,4.9,4.5,12.1,25.0,100.6
1989,12,13.0,Chicago Bulls,17,242.9,36.6,78.1,0.469,4.3,12.2,0.353,32.4,65.9,0.491,22.1,29.1,0.759,12.2,29.0,41.2,23.5,7.8,4.2,15.9,26.4,99.6
1989,13,14.0,Cleveland Cavaliers,5,245.0,36.4,77.6,0.469,2.2,6.6,0.333,34.2,71.0,0.482,22.2,31.0,0.716,12.4,27.8,40.2,23.0,7.6,7.4,15.6,21.0,97.2
1989,14,15.0,Milwaukee Bucks,9,245.6,36.2,78.3,0.462,2.3,7.9,0.296,33.9,70.4,0.481,22.4,26.8,0.838,10.7,25.1,35.8,23.2,5.7,2.1,11.2,26.2,97.2
1989,15,16.0,Boston Celtics,3,240.0,37.0,83.3,0.444,0.0,2.7,0.0,37.0,80.7,0.459,16.3,22.3,0.731,9.7,30.3,40.0,21.7,6.7,2.3,14.0,24.0,90.3
1989,16,,League Average,8,242.0,39.4,84.1,0.469,3.0,9.7,0.314,36.4,74.4,0.489,23.0,29.7,0.773,13.8,29.0,42.8,24.1,7.3,4.9,14.6,24.8,104.9
1990,0,1.0,Boston Celtics,5,240.0,45.6,83.2,0.548,1.6,6.8,0.235,44.0,76.4,0.576,26.0,30.2,0.861,11.8,28.2,40.0,30.2,6.8,6.0,17.4,21.2,118.8
1990,1,2.0,San Antonio Spurs,10,247.5,47.9,95.3,0.503,0.5,2.9,0.172,47.4,92.4,0.513,20.7,29.5,0.702,15.6,32.7,48.3,30.4,8.5,6.2,16.8,27.7,117.0
1990,2,3.0,Denver Nuggets,3,240.0,43.3,98.7,0.439,2.7,10.7,0.25,40.7,88.0,0.462,25.0,28.7,0.872,13.0,31.0,44.0,28.7,9.3,4.7,12.7,25.7,114.3
1990,3,4.0,Phoenix Suns,16,240.0,39.7,83.3,0.477,2.3,7.2,0.313,37.4,76.1,0.492,26.5,33.6,0.79,12.3,31.6,43.9,23.0,6.7,4.9,15.5,23.3,108.1
1990,4,5.0,Portland Trail Blazers,21,244.8,39.3,88.4,0.445,3.1,9.3,0.333,36.2,79.1,0.458,25.4,34.9,0.727,15.5,28.7,44.2,23.5,8.7,5.4,16.0,26.7,107.1
1990,5,6.0,Cleveland Cavaliers,5,240.0,40.2,77.8,0.517,2.2,7.0,0.314,38.0,70.8,0.537,24.2,31.2,0.776,9.2,31.6,40.8,27.4,6.6,4.6,13.0,22.2,106.8
1990,6,7.0,Los Angeles Lakers,9,240.0,40.3,80.9,0.499,2.8,9.6,0.291,37.6,71.3,0.526,22.7,28.3,0.8,12.4,27.8,40.2,25.0,8.7,5.7,15.8,23.4,106.1
1990,7,8.0,New York Knicks,10,240.0,40.3,84.5,0.477,2.5,6.9,0.362,37.8,77.6,0.487,21.9,28.5,0.768,13.0,26.4,39.4,26.8,8.4,3.4,13.3,23.1,105.0
1990,8,9.0,Utah Jazz,5,240.0,40.4,87.6,0.461,3.2,9.6,0.333,37.2,78.0,0.477,18.4,25.4,0.724,13.0,27.6,40.6,25.4,8.6,5.8,12.8,28.4,102.4
1990,9,10.0,Philadelphia 76ers,10,240.0,37.9,79.9,0.474,2.6,8.2,0.317,35.3,71.7,0.492,23.7,30.8,0.769,12.8,27.1,39.9,22.8,6.3,4.9,15.0,21.6,102.1
1990,10,11.0,Chicago Bulls,16,240.0,38.1,81.4,0.469,2.7,8.9,0.303,35.4,72.5,0.489,22.9,30.2,0.76,13.1,27.1,40.1,22.8,8.6,4.3,14.4,25.6,101.9
1990,11,12.0,Detroit Pistons,20,241.3,38.6,81.9,0.471,3.1,8.4,0.369,35.5,73.5,0.482,21.6,28.7,0.751,14.0,29.8,43.7,21.1,6.7,4.5,15.1,25.1,101.8
1990,12,13.0,Milwaukee Bucks,4,240.0,35.0,73.3,0.478,3.8,10.8,0.349,31.3,62.5,0.5,27.3,35.5,0.768,10.0,23.5,33.5,22.5,9.0,4.8,17.0,29.8,101.0
1990,13,14.0,Dallas Mavericks,3,240.0,38.3,81.0,0.473,3.0,9.7,0.31,35.3,71.3,0.495,20.7,27.0,0.765,11.3,28.7,40.0,20.3,8.0,5.7,18.0,27.3,100.3
1990,14,15.0,Houston Rockets,4,240.0,38.3,84.5,0.453,2.8,10.0,0.275,35.5,74.5,0.477,18.5,27.8,0.667,15.3,23.8,39.0,22.8,9.0,6.5,14.5,21.8,97.8
1990,15,16.0,Indiana Pacers,3,240.0,35.0,76.0,0.461,1.7,7.7,0.217,33.3,68.3,0.488,20.0,24.3,0.822,11.0,25.3,36.3,17.3,3.7,2.3,14.7,25.7,91.7
1990,16,,League Average,9,241.4,39.9,84.0,0.475,2.6,8.1,0.316,37.3,75.9,0.492,23.2,30.5,0.761,13.3,28.7,42.0,24.1,7.8,5.0,15.2,24.9,105.5
1991,0,1.0,Indiana Pacers,5,240.0,41.8,84.8,0.493,5.2,11.6,0.448,36.6,73.2,0.5,29.6,35.4,0.836,10.6,26.2,36.8,24.2,7.8,4.2,15.0,29.0,118.4
1991,1,2.0,Golden State Warriors,9,242.8,43.8,87.9,0.498,4.9,13.0,0.376,38.9,74.9,0.519,22.0,27.4,0.802,9.0,27.8,36.8,24.7,8.6,6.0,12.8,29.8,114.4
1991,2,3.0,Boston Celtics,11,242.3,41.2,83.1,0.496,0.9,4.2,0.217,40.3,78.9,0.51,27.1,33.8,0.801,11.5,30.5,42.0,22.1,6.5,3.8,12.7,25.0,110.4
1991,3,4.0,San Antonio Spurs,4,240.0,40.5,83.3,0.486,0.8,6.5,0.115,39.8,76.8,0.518,26.0,34.5,0.754,12.0,31.3,43.3,26.5,9.5,5.8,17.3,23.3,107.8
1991,4,5.0,Utah Jazz,9,240.0,38.4,81.2,0.473,1.9,6.0,0.315,36.6,75.2,0.486,26.3,31.3,0.84,11.1,31.9,43.0,26.2,6.3,3.9,14.2,26.9,105.1
1991,5,6.0,Chicago Bulls,17,241.5,40.9,79.6,0.514,1.8,5.4,0.326,39.2,74.2,0.528,20.3,26.6,0.763,12.5,27.7,40.2,25.5,9.5,4.5,12.5,22.2,103.9
1991,6,7.0,Portland Trail Blazers,16,240.0,38.8,82.6,0.47,2.8,9.0,0.306,36.1,73.6,0.49,23.5,31.9,0.736,15.1,27.4,42.5,23.5,8.1,3.6,15.0,23.5,103.9
1991,7,8.0,Los Angeles Lakers,19,242.6,38.3,79.3,0.483,3.4,9.9,0.34,34.9,69.4,0.503,23.8,30.2,0.789,11.5,27.8,39.3,23.1,7.1,4.8,14.7,20.4,103.8
1991,8,9.0,Seattle Supersonics,5,240.0,37.8,82.4,0.459,2.6,9.2,0.283,35.2,73.2,0.481,25.4,31.0,0.819,13.4,25.2,38.6,20.8,9.2,4.6,16.2,27.0,103.6
1991,9,10.0,Detroit Pistons,15,241.7,38.5,86.6,0.444,3.1,9.7,0.317,35.4,76.9,0.46,21.1,28.8,0.731,16.3,28.4,44.7,20.7,5.3,3.9,11.5,25.9,101.1
1991,10,11.0,Philadelphia 76ers,8,243.1,36.3,74.8,0.485,2.9,8.1,0.354,33.4,66.6,0.501,25.5,31.9,0.8,9.9,27.8,37.6,22.4,8.6,4.4,13.8,20.6,100.9
1991,11,12.0,Milwaukee Bucks,3,248.3,40.0,84.7,0.472,3.7,10.3,0.355,36.3,74.3,0.489,17.0,23.0,0.739,11.7,26.7,38.3,24.3,8.0,1.7,17.0,25.7,100.7
1991,12,13.0,Atlanta Hawks,5,240.0,33.0,82.6,0.4,2.6,10.4,0.25,30.4,72.2,0.421,28.6,34.4,0.831,15.0,29.2,44.2,16.8,6.6,2.8,11.6,23.4,97.2
1991,13,14.0,Phoenix Suns,4,240.0,34.0,81.3,0.418,2.3,8.5,0.265,31.8,72.8,0.436,25.5,35.0,0.729,10.8,28.3,39.0,22.3,7.0,6.5,13.8,24.5,95.8
1991,14,15.0,Houston Rockets,3,240.0,38.3,83.0,0.462,4.0,13.0,0.308,34.3,70.0,0.49,12.7,16.3,0.776,12.0,28.7,40.7,24.3,7.0,4.3,15.7,24.0,93.3
1991,15,16.0,New York Knicks,3,240.0,32.3,73.0,0.443,3.7,9.3,0.393,28.7,63.7,0.45,17.7,22.0,0.803,11.3,27.3,38.7,20.7,5.3,3.7,22.3,27.0,86.0
1991,16,,League Average,9,241.5,39.0,81.9,0.475,2.8,8.6,0.323,36.2,73.4,0.493,23.5,30.1,0.78,12.5,28.3,40.8,23.2,7.5,4.3,14.0,24.3,104.2
1992,0,1.0,Phoenix Suns,8,246.3,43.1,88.8,0.486,3.6,9.8,0.372,39.5,79.0,0.5,28.6,34.8,0.824,12.9,28.1,41.0,27.4,7.5,5.0,14.4,25.6,118.5
1992,1,2.0,Golden State Warriors,4,240.0,42.5,88.0,0.483,4.3,11.8,0.362,38.3,76.3,0.502,27.8,38.5,0.721,13.8,22.5,36.3,23.3,10.3,4.8,12.3,27.3,117.0
1992,2,3.0,Portland Trail Blazers,21,246.0,40.4,83.8,0.482,3.7,10.5,0.353,36.7,73.3,0.5,25.5,33.9,0.751,13.9,28.7,42.6,25.8,8.8,4.6,15.5,26.3,110.0
1992,3,4.0,Indiana Pacers,3,248.3,37.0,80.7,0.459,6.7,15.0,0.444,30.3,65.7,0.462,27.0,34.3,0.786,9.3,25.7,35.0,23.3,8.7,4.0,13.3,27.7,107.7
1992,4,5.0,Boston Celtics,10,245.0,44.2,88.6,0.499,0.6,3.1,0.194,43.6,85.5,0.51,18.1,23.6,0.767,14.2,28.0,42.2,24.9,7.3,5.3,11.7,22.0,107.1
1992,5,6.0,Seattle Supersonics,9,240.0,39.4,81.2,0.486,3.2,11.0,0.293,36.2,70.2,0.516,23.4,29.7,0.79,14.4,26.0,40.4,20.4,6.6,6.2,16.1,26.4,105.6
1992,6,7.0,Cleveland Cavaliers,17,241.5,38.5,79.8,0.483,3.0,8.7,0.345,35.5,71.1,0.5,23.5,28.4,0.828,11.9,29.2,41.1,26.4,7.4,6.1,14.2,20.4,103.6
1992,7,8.0,San Antonio Spurs,3,240.0,41.0,84.3,0.486,3.3,8.0,0.417,37.7,76.3,0.493,18.0,27.0,0.667,14.0,24.0,38.0,17.7,7.7,8.7,15.7,24.0,103.3
1992,8,9.0,Utah Jazz,16,241.6,37.0,77.1,0.48,1.8,6.1,0.296,35.2,71.0,0.496,27.1,33.5,0.808,12.6,26.8,39.3,22.9,7.4,4.8,14.2,22.1,102.9
1992,9,10.0,New Jersey Nets,4,240.0,42.0,95.3,0.441,3.0,10.3,0.293,39.0,85.0,0.459,14.8,20.8,0.711,16.0,24.8,40.8,25.8,10.8,7.8,13.3,28.3,101.8
1992,10,11.0,Chicago Bulls,22,241.1,38.7,79.5,0.487,2.5,6.6,0.372,36.3,73.0,0.497,20.5,27.8,0.735,13.0,26.9,39.9,24.1,7.8,5.5,13.5,23.6,100.4
1992,11,12.0,Miami Heat,3,240.0,36.0,79.7,0.452,5.7,12.7,0.447,30.3,67.0,0.453,21.7,29.7,0.73,11.0,22.0,33.0,20.0,7.0,3.0,14.7,22.7,99.3
1992,12,13.0,Los Angeles Clippers,5,240.0,39.0,81.2,0.48,1.4,5.4,0.259,37.6,75.8,0.496,18.8,26.6,0.707,13.4,27.2,40.6,22.2,6.0,5.6,13.0,25.8,98.2
1992,13,14.0,Los Angeles Lakers,4,246.3,33.5,77.8,0.431,2.3,5.0,0.45,31.3,72.8,0.43,25.3,32.5,0.777,11.0,22.8,33.8,20.0,9.0,3.8,15.5,25.5,94.5
1992,14,15.0,New York Knicks,12,242.1,34.1,78.3,0.435,2.3,8.8,0.255,31.8,69.5,0.458,19.8,26.7,0.744,15.5,27.8,43.3,22.8,6.3,4.2,13.8,25.0,90.3
1992,15,16.0,Detroit Pistons,5,245.0,31.6,75.4,0.419,2.4,7.8,0.308,29.2,67.6,0.432,19.2,25.2,0.762,10.8,26.0,36.8,21.6,5.8,4.6,15.2,23.4,84.8
1992,16,,League Average,9,242.7,38.8,81.7,0.475,2.8,8.3,0.337,36.0,73.4,0.49,22.9,29.7,0.769,13.2,27.1,40.3,23.9,7.7,5.2,14.2,24.2,103.3
1993,0,1.0,Phoenix Suns,24,244.2,38.8,82.1,0.472,4.2,11.5,0.361,34.6,70.6,0.49,23.1,30.7,0.753,12.4,29.0,41.4,23.5,7.6,8.0,13.7,22.6,104.8
1993,1,2.0,Indiana Pacers,4,246.3,37.0,75.0,0.493,4.0,10.3,0.39,33.0,64.8,0.51,24.8,31.5,0.786,9.5,26.5,36.0,24.0,6.0,4.0,15.5,25.3,102.8
1993,2,3.0,Charlotte Hornets,9,253.9,40.3,86.6,0.466,1.4,5.3,0.271,38.9,81.2,0.479,20.3,28.3,0.718,14.3,27.2,41.6,24.0,10.1,4.9,16.2,22.4,102.4
1993,3,4.0,Chicago Bulls,19,243.9,39.8,82.3,0.484,4.2,9.6,0.434,35.6,72.7,0.49,18.6,25.6,0.727,13.2,26.8,40.0,24.3,8.6,4.4,12.5,23.3,102.4
1993,4,5.0,San Antonio Spurs,10,242.5,39.3,83.9,0.468,2.3,7.9,0.291,37.0,76.0,0.487,19.8,26.4,0.75,12.8,31.5,44.3,25.3,6.3,6.3,14.0,26.6,100.7
1993,5,6.0,Boston Celtics,4,252.5,42.3,89.8,0.471,1.8,7.0,0.25,40.5,82.8,0.489,14.3,17.3,0.826,14.5,27.0,41.5,21.8,4.5,6.3,14.8,21.8,100.5
1993,6,7.0,Seattle Supersonics,19,241.3,38.6,84.6,0.456,3.5,10.4,0.34,35.1,74.3,0.473,19.4,25.2,0.772,16.1,25.9,41.9,22.4,9.1,5.8,13.8,23.6,100.2
1993,7,8.0,New York Knicks,15,246.7,38.1,79.6,0.478,3.2,9.3,0.345,34.9,70.3,0.496,19.7,28.0,0.702,14.8,29.3,44.1,24.9,8.0,4.3,17.8,26.1,99.0
1993,8,9.0,Houston Rockets,12,242.1,37.4,78.4,0.477,5.3,14.3,0.374,32.1,64.2,0.5,17.6,22.8,0.773,11.3,30.2,41.5,24.8,8.4,7.2,17.7,19.8,97.8
1993,9,10.0,Portland Trail Blazers,4,246.3,36.5,89.8,0.407,2.8,9.0,0.306,33.8,80.8,0.418,21.5,29.8,0.723,17.8,28.8,46.5,19.3,6.8,5.8,13.0,25.3,97.3
1993,10,11.0,Los Angeles Lakers,5,245.0,39.2,89.6,0.438,4.0,12.0,0.333,35.2,77.6,0.454,14.6,23.2,0.629,15.6,29.0,44.6,23.8,9.0,6.2,13.2,22.6,97.0
1993,11,12.0,Cleveland Cavaliers,9,240.0,36.6,78.7,0.465,3.1,8.9,0.35,33.4,69.8,0.479,17.6,21.9,0.802,11.9,26.8,38.7,23.9,8.2,5.4,15.6,19.1,93.8
1993,12,13.0,New Jersey Nets,5,240.0,37.8,79.6,0.475,3.0,8.2,0.366,34.8,71.4,0.487,15.0,18.8,0.798,11.0,28.0,39.0,21.8,8.4,6.4,17.0,20.8,93.6
1993,13,14.0,Atlanta Hawks,3,240.0,35.7,83.3,0.428,3.3,12.0,0.278,32.3,71.3,0.453,18.7,26.3,0.709,15.3,23.3,38.7,16.3,8.0,3.7,15.3,23.3,93.3
1993,14,15.0,Los Angeles Clippers,5,240.0,37.4,88.2,0.424,2.4,5.6,0.429,35.0,82.6,0.424,15.0,23.2,0.647,14.6,28.2,42.8,23.6,11.0,4.2,13.6,23.0,92.2
1993,15,16.0,Utah Jazz,5,240.0,34.0,77.4,0.439,2.0,6.4,0.313,32.0,71.0,0.451,17.2,23.6,0.729,14.0,27.0,41.0,20.8,6.0,4.8,14.0,21.6,87.2
1993,16,,League Average,10,243.9,38.4,82.5,0.465,3.4,9.7,0.355,35.0,72.8,0.48,19.3,26.0,0.742,13.6,28.0,41.6,23.4,8.1,5.8,14.7,23.0,99.5
1994,0,1.0,Golden State Warriors,3,240.0,47.0,90.7,0.518,5.0,14.7,0.341,42.0,76.0,0.553,17.0,24.3,0.699,13.7,24.7,38.3,31.3,6.0,8.0,14.7,26.7,116.0
1994,1,2.0,Phoenix Suns,10,242.5,39.9,88.5,0.451,6.1,17.2,0.355,33.8,71.3,0.474,20.5,27.8,0.737,14.4,30.3,44.7,23.5,8.0,4.2,12.0,19.4,106.4
1994,2,3.0,Portland Trail Blazers,4,240.0,41.0,92.0,0.446,3.0,10.5,0.286,38.0,81.5,0.466,18.8,24.0,0.781,16.3,28.8,45.0,23.5,8.8,4.5,11.5,20.5,103.8
1994,3,4.0,Houston Rockets,23,241.1,36.4,79.0,0.461,6.5,17.8,0.363,30.0,61.1,0.49,17.8,23.2,0.767,10.1,31.3,41.4,24.8,7.3,6.2,14.4,21.6,97.1
1994,4,5.0,Seattle Supersonics,5,250.0,33.0,78.8,0.419,3.4,10.0,0.34,29.6,68.8,0.43,25.6,37.0,0.692,13.8,29.0,42.8,19.0,8.8,5.2,12.6,27.0,95.0
1994,5,6.0,Cleveland Cavaliers,3,248.3,33.7,77.7,0.433,5.3,12.7,0.421,28.3,65.0,0.436,22.0,30.3,0.725,15.3,22.3,37.7,20.3,7.3,1.0,14.3,22.3,94.7
1994,6,7.0,Denver Nuggets,12,250.4,33.0,76.8,0.43,4.0,11.5,0.348,29.0,65.3,0.444,24.3,34.1,0.714,13.7,31.0,44.7,18.9,6.2,9.9,16.7,25.5,94.3
1994,7,8.0,Utah Jazz,16,244.7,34.9,80.1,0.436,2.3,7.8,0.296,32.6,72.3,0.451,22.1,28.7,0.769,13.6,28.6,42.2,23.1,7.8,4.5,11.6,25.1,94.3
1994,8,9.0,Chicago Bulls,10,242.5,35.1,75.6,0.464,3.5,10.2,0.343,31.6,65.4,0.483,19.9,26.0,0.765,12.4,26.9,39.3,21.8,8.1,4.7,14.2,23.7,93.6
1994,9,10.0,Orlando Magic,3,240.0,32.3,76.3,0.424,6.7,18.3,0.364,25.7,58.0,0.443,20.3,30.3,0.67,16.0,24.0,40.0,19.7,6.3,7.7,19.0,22.3,91.7
1994,10,11.0,Atlanta Hawks,11,240.0,34.9,80.1,0.436,2.8,8.9,0.316,32.1,71.2,0.451,17.7,24.0,0.739,14.0,26.5,40.5,23.9,8.2,5.3,13.9,24.9,90.4
1994,11,12.0,Indiana Pacers,16,240.0,33.3,74.7,0.445,3.7,9.7,0.381,29.6,65.0,0.455,20.1,27.8,0.724,13.4,27.1,40.5,21.7,9.2,4.2,17.8,24.8,90.3
1994,12,13.0,Miami Heat,5,240.0,32.6,78.8,0.414,3.4,12.8,0.266,29.2,66.0,0.442,21.2,29.4,0.721,15.4,28.2,43.6,14.4,7.2,4.0,16.4,23.2,89.8
1994,13,14.0,New York Knicks,25,241.0,32.4,75.8,0.428,4.4,13.3,0.331,28.0,62.5,0.449,19.5,26.6,0.731,14.1,27.4,41.6,20.3,8.1,5.4,16.5,25.5,88.8
1994,14,15.0,San Antonio Spurs,4,240.0,33.5,83.8,0.4,3.0,9.8,0.308,30.5,74.0,0.412,18.0,25.0,0.72,16.5,27.0,43.5,18.3,7.0,6.0,12.0,23.3,88.0
1994,15,16.0,New Jersey Nets,4,246.3,26.8,75.0,0.357,3.3,12.5,0.26,23.5,62.5,0.376,29.8,37.5,0.793,14.0,29.3,43.3,15.8,7.3,7.8,17.3,26.3,86.5
1994,16,,League Average,10,242.6,34.7,78.9,0.439,4.2,12.4,0.341,30.5,66.5,0.458,20.4,27.6,0.739,13.4,28.4,41.8,21.7,7.8,5.5,14.8,23.9,94.0
1995,0,1.0,Phoenix Suns,10,242.5,39.2,81.2,0.483,6.4,18.5,0.346,32.8,62.7,0.523,26.2,32.9,0.796,12.5,32.7,45.2,21.7,6.4,3.2,12.7,24.6,111.0
1995,1,2.0,Houston Rockets,22,242.3,38.6,79.9,0.483,8.6,22.0,0.391,30.0,57.9,0.518,21.2,28.1,0.754,9.6,29.5,39.1,25.2,7.6,5.8,12.0,24.8,107.0
1995,2,3.0,Utah Jazz,5,240.0,36.4,75.0,0.485,6.2,13.8,0.449,30.2,61.2,0.493,25.0,34.4,0.727,10.2,25.8,36.0,24.0,8.0,3.6,12.8,27.0,104.0
1995,3,4.0,Orlando Magic,21,241.2,37.2,77.3,0.482,8.5,21.4,0.396,28.8,55.9,0.514,19.5,29.1,0.669,12.8,27.4,40.2,23.2,7.3,5.2,14.6,23.9,102.4
1995,4,5.0,Portland Trail Blazers,3,240.0,38.3,80.0,0.479,5.3,14.3,0.372,33.0,65.7,0.503,19.7,31.7,0.621,11.3,24.7,36.0,21.3,6.0,3.0,11.0,28.7,101.7
1995,5,6.0,Indiana Pacers,17,241.5,33.9,73.9,0.459,5.5,15.4,0.36,28.4,58.6,0.485,25.2,32.8,0.77,13.4,28.1,41.4,20.6,5.5,3.4,15.7,27.0,98.6
1995,6,7.0,San Antonio Spurs,15,243.3,35.4,79.1,0.447,4.0,11.9,0.335,31.4,67.2,0.467,23.7,31.1,0.76,13.4,31.5,44.9,21.5,7.1,5.1,14.7,22.8,98.5
1995,7,8.0,Chicago Bulls,10,242.5,37.0,79.9,0.463,6.1,15.5,0.394,30.9,64.4,0.48,18.3,25.0,0.732,12.5,26.7,39.2,23.9,7.6,4.2,13.9,26.4,98.4
1995,8,9.0,Seattle Supersonics,4,240.0,35.8,80.5,0.444,7.5,18.0,0.417,28.3,62.5,0.452,18.3,24.0,0.76,14.5,27.3,41.8,26.0,9.3,5.3,14.8,25.8,97.3
1995,9,10.0,New York Knicks,11,242.3,33.5,69.5,0.481,7.2,17.0,0.422,26.3,52.5,0.5,19.2,27.9,0.687,9.7,27.0,36.7,22.7,7.0,6.3,16.5,27.6,93.3
1995,10,11.0,Denver Nuggets,3,240.0,33.3,77.7,0.429,4.3,17.7,0.245,29.0,60.0,0.483,22.0,28.0,0.786,14.0,27.0,41.0,20.0,6.0,7.0,17.3,35.0,93.0
1995,11,12.0,Charlotte Hornets,4,246.3,31.5,74.3,0.424,5.3,16.8,0.313,26.3,57.5,0.457,24.3,30.0,0.808,13.5,23.8,37.3,21.3,6.0,5.0,15.8,23.5,92.5
1995,12,13.0,Los Angeles Lakers,10,245.0,32.5,78.2,0.416,6.5,20.0,0.325,26.0,58.2,0.447,19.2,27.3,0.703,12.4,26.6,39.0,19.9,7.4,7.3,14.5,24.4,90.7
1995,13,14.0,Atlanta Hawks,3,240.0,29.7,75.7,0.392,7.3,22.3,0.328,22.3,53.3,0.419,22.7,31.0,0.731,12.3,26.7,39.0,14.7,8.3,2.7,13.0,28.3,89.3
1995,14,15.0,Boston Celtics,4,240.0,31.8,79.0,0.402,5.3,14.0,0.375,26.5,65.0,0.408,17.5,23.5,0.745,16.5,26.0,42.5,20.3,5.3,4.5,17.5,25.0,86.3
1995,15,16.0,Cleveland Cavaliers,4,240.0,27.3,66.8,0.408,6.3,15.0,0.417,21.0,51.8,0.406,21.8,29.3,0.744,7.3,21.5,28.8,17.5,10.0,2.8,15.3,21.5,82.5
1995,16,,League Average,9,242.1,35.5,77.1,0.46,6.6,17.7,0.375,28.9,59.4,0.486,21.6,29.3,0.736,12.1,28.0,40.1,22.3,7.1,4.9,14.3,25.3,99.3
 1996,0,1.0,Phoenix Suns,4,240.0,37.5,86.0,0.436,3.8,13.0,0.288,33.8,73.0,0.462,20.0,26.3,0.762,14.5,27.0,41.5,21.8,5.0,4.3,11.0,21.5,98.8
 1996,1,2.0,Orlando Magic,12,240.0,38.1,76.3,0.499,6.2,18.2,0.339,31.9,58.1,0.549,15.9,27.2,0.586,12.7,25.1,37.8,21.5,6.7,3.3,13.3,22.3,98.3
 1996,2,3.0,Houston Rockets,8,243.1,36.4,82.4,0.442,7.6,22.9,0.333,28.8,59.5,0.483,17.4,23.6,0.735,9.1,29.4,38.5,24.1,10.0,5.0,13.8,21.1,97.8
 1996,3,4.0,Chicago Bulls,18,241.4,35.3,79.7,0.443,6.2,20.2,0.306,29.1,59.6,0.489,20.7,28.0,0.738,16.3,27.3,43.6,22.7,9.5,3.9,14.4,24.8,97.4
 1996,4,5.0,Utah Jazz,18,242.8,35.4,75.4,0.469,5.4,12.7,0.428,29.9,62.7,0.477,19.0,26.9,0.707,11.3,27.3,38.7,25.2,7.6,5.7,13.2,25.3,95.2
 1996,5,6.0,Los Angeles Lakers,4,240.0,34.5,82.3,0.419,8.0,23.0,0.348,26.5,59.3,0.447,17.8,23.5,0.755,12.3,33.5,45.8,22.0,5.8,4.0,16.0,19.8,94.8
 1996,6,7.0,San Antonio Spurs,10,240.0,34.6,73.4,0.471,5.3,11.7,0.453,29.3,61.7,0.475,19.7,27.7,0.711,11.1,27.7,38.8,21.3,7.6,5.2,13.8,21.3,94.2
 1996,7,8.0,Seattle Supersonics,21,242.4,33.2,70.5,0.471,7.0,19.0,0.37,26.1,51.5,0.508,20.7,27.4,0.755,9.2,28.8,38.0,20.2,8.0,4.5,17.7,24.8,94.1
 1996,8,9.0,Atlanta Hawks,10,242.5,33.6,75.7,0.444,7.6,20.6,0.369,26.0,55.1,0.472,17.9,24.4,0.734,12.6,23.3,35.9,19.8,8.4,5.3,14.0,22.2,92.7
 1996,9,10.0,Portland Trail Blazers,5,245.0,30.2,76.8,0.393,6.6,17.2,0.384,23.6,59.6,0.396,22.6,34.2,0.661,13.8,27.8,41.6,16.8,6.0,3.8,14.0,28.0,89.6
 1996,10,11.0,Detroit Pistons,3,240.0,32.7,72.0,0.454,5.0,16.7,0.3,27.7,55.3,0.5,18.7,24.7,0.757,12.0,23.7,35.7,14.3,2.7,1.7,13.3,24.7,89.0
 1996,11,12.0,New York Knicks,8,243.1,32.0,69.3,0.462,6.4,16.1,0.395,25.6,53.1,0.482,18.3,26.3,0.695,8.6,28.4,37.0,18.6,6.5,3.8,17.8,20.3,88.6
 1996,12,13.0,Sacramento Kings,4,240.0,32.0,74.0,0.432,4.5,16.0,0.281,27.5,58.0,0.474,19.3,28.5,0.675,12.3,30.0,42.3,18.8,8.8,4.8,19.5,25.3,87.8
 1996,13,14.0,Indiana Pacers,5,245.0,32.4,73.6,0.44,3.4,11.4,0.298,29.0,62.2,0.466,18.8,24.4,0.77,14.0,28.2,42.2,17.2,8.4,3.2,18.6,23.2,87.0
 1996,14,15.0,Miami Heat,3,240.0,30.3,72.0,0.421,7.3,23.3,0.314,23.0,48.7,0.473,15.7,22.3,0.701,11.3,24.7,36.0,17.0,7.0,1.7,21.0,27.7,83.7
 1996,15,16.0,Cleveland Cavaliers,3,240.0,31.3,74.0,0.423,5.3,21.0,0.254,26.0,53.0,0.491,11.7,15.0,0.778,11.7,25.3,37.0,19.7,6.3,4.7,13.3,21.0,79.7
 1996,16,,League Average,9,241.8,34.3,75.5,0.455,6.2,17.5,0.353,28.1,58.0,0.485,18.9,26.5,0.715,11.9,27.4,39.3,21.1,7.7,4.4,15.1,23.5,93.7
1997,0,1.0,Seattle Supersonics,12,244.2,36.8,82.8,0.444,8.3,21.8,0.383,28.4,61.1,0.465,23.3,28.5,0.816,13.9,28.8,42.8,23.4,10.1,4.1,13.6,23.5,105.1
1997,1,2.0,Houston Rockets,16,241.6,35.3,77.1,0.458,8.9,24.5,0.362,26.4,52.6,0.503,21.8,28.4,0.767,12.3,29.3,41.5,23.1,7.7,4.4,15.2,21.9,101.3
1997,2,3.0,Phoenix Suns,5,245.0,34.4,82.6,0.416,10.2,29.0,0.352,24.2,53.6,0.451,21.2,27.8,0.763,10.0,30.4,40.4,22.8,8.2,5.2,16.2,22.0,100.2
1997,3,4.0,Minnesota Timberwolves,3,240.0,40.0,88.7,0.451,6.3,16.7,0.38,33.7,72.0,0.468,13.3,18.0,0.741,14.0,24.7,38.7,24.0,7.7,4.0,9.3,23.3,99.7
1997,4,5.0,Utah Jazz,20,241.3,33.7,74.5,0.452,5.0,13.5,0.367,28.7,61.0,0.47,23.9,30.4,0.785,11.4,30.4,41.8,21.8,7.4,4.9,13.3,24.8,96.1
1997,5,6.0,Charlotte Hornets,3,240.0,36.3,80.3,0.452,6.3,17.0,0.373,30.0,63.3,0.474,16.7,20.7,0.806,12.7,24.3,37.0,18.3,6.7,3.0,13.3,21.0,95.7
1997,6,7.0,Los Angeles Lakers,9,242.8,32.2,72.1,0.447,4.9,15.2,0.321,27.3,56.9,0.48,25.9,35.0,0.74,11.2,27.7,38.9,20.6,6.8,6.1,13.3,26.8,95.2
1997,7,8.0,Washington Bullets,3,240.0,34.0,71.7,0.474,4.3,10.3,0.419,29.7,61.3,0.484,22.7,29.0,0.782,11.3,24.3,35.7,17.0,4.7,6.3,18.7,25.7,95.0
1997,8,9.0,Chicago Bulls,19,240.0,34.7,80.2,0.432,6.1,19.2,0.319,28.6,61.1,0.468,17.1,23.2,0.735,14.9,28.6,43.5,20.7,8.5,4.8,12.4,24.3,92.5
1997,9,10.0,Los Angeles Clippers,3,240.0,32.7,75.0,0.436,6.0,18.0,0.333,26.7,57.0,0.468,21.0,28.7,0.733,10.3,23.0,33.3,16.3,6.3,4.3,12.0,29.0,92.3
1997,10,11.0,New York Knicks,10,240.0,34.3,73.5,0.467,5.5,14.8,0.372,28.8,58.7,0.491,17.1,22.2,0.77,9.7,29.8,39.5,21.1,8.6,3.5,15.7,23.4,91.2
1997,11,12.0,Portland Trail Blazers,4,240.0,32.8,73.0,0.449,4.5,17.0,0.265,28.3,56.0,0.504,19.8,27.3,0.725,11.8,25.3,37.0,19.8,5.5,4.3,15.5,28.8,89.8
1997,12,13.0,Atlanta Hawks,10,240.0,30.9,70.8,0.436,6.9,21.9,0.315,24.0,48.9,0.491,20.3,26.1,0.778,11.0,29.0,40.0,15.4,4.5,4.3,16.1,19.9,89.0
1997,13,14.0,Miami Heat,17,240.0,29.5,72.1,0.409,8.4,23.8,0.351,21.2,48.3,0.438,18.5,26.8,0.692,11.1,30.2,41.3,17.2,6.7,5.1,16.2,22.6,85.9
1997,14,15.0,Detroit Pistons,5,240.0,32.4,74.8,0.433,5.6,17.0,0.329,26.8,57.8,0.464,15.2,19.8,0.768,8.6,23.2,31.8,13.6,7.0,2.4,9.6,20.2,85.6
1997,15,16.0,Orlando Magic,5,240.0,29.8,73.0,0.408,5.8,18.0,0.322,24.0,55.0,0.436,18.8,25.2,0.746,9.6,28.0,37.6,13.2,6.4,5.2,12.4,19.0,84.2
1997,16,,League Average,9,241.0,33.5,76.0,0.441,6.7,19.2,0.347,26.8,56.8,0.472,20.3,26.8,0.758,11.8,28.6,40.4,20.0,7.4,4.6,14.1,23.4,94.0
1998,0,1.0,Los Angeles Lakers,13,240.0,35.6,75.1,0.474,6.0,17.5,0.344,29.6,57.6,0.514,23.0,35.4,0.65,13.4,26.7,40.1,22.7,7.4,7.8,12.9,24.6,100.2
1998,1,2.0,Portland Trail Blazers,4,240.0,36.0,79.5,0.453,5.8,15.3,0.377,30.3,64.3,0.471,22.0,28.5,0.772,14.0,27.8,41.8,24.0,7.0,5.3,16.3,29.8,99.8
1998,2,3.0,Seattle Supersonics,10,240.0,35.6,78.3,0.455,6.6,19.2,0.344,29.0,59.1,0.491,17.4,23.1,0.753,12.7,26.1,38.8,22.0,8.7,4.3,12.7,23.5,95.2
1998,3,4.0,New Jersey Nets,3,248.3,37.0,78.7,0.47,2.3,7.3,0.318,34.7,71.3,0.486,18.7,24.7,0.757,12.3,27.0,39.3,16.7,7.0,3.3,13.3,26.0,95.0
1998,4,5.0,Chicago Bulls,21,242.4,34.1,76.7,0.445,4.2,13.0,0.324,30.0,63.8,0.47,20.7,28.1,0.734,14.0,27.0,41.0,20.5,9.0,4.5,12.6,22.8,93.1
1998,5,6.0,Phoenix Suns,4,240.0,37.0,85.3,0.434,4.3,12.8,0.333,32.8,72.5,0.452,14.8,21.3,0.694,12.0,28.5,40.5,19.8,8.5,4.0,11.0,25.0,93.0
1998,6,7.0,Indiana Pacers,16,241.6,32.0,69.6,0.46,5.4,14.5,0.375,26.6,55.1,0.482,22.3,29.4,0.76,9.3,26.0,35.3,19.1,7.2,4.9,14.6,24.8,91.8
1998,7,8.0,San Antonio Spurs,9,242.8,33.3,72.1,0.462,3.9,12.9,0.302,29.4,59.2,0.497,21.2,30.8,0.69,11.0,32.6,43.6,17.3,5.7,7.0,14.4,22.1,91.8
1998,8,9.0,Minnesota Timberwolves,5,240.0,33.2,79.8,0.416,7.4,19.6,0.378,25.8,60.2,0.429,16.4,20.4,0.804,13.6,25.8,39.4,23.2,7.4,3.6,14.0,22.6,90.2
1998,9,10.0,Utah Jazz,20,242.5,33.4,73.4,0.455,3.3,9.4,0.353,30.1,64.0,0.47,19.0,25.5,0.745,9.7,30.1,39.8,22.3,6.5,4.9,14.4,26.0,89.0
1998,10,11.0,New York Knicks,10,242.5,32.2,73.8,0.436,5.3,13.6,0.39,26.9,60.2,0.447,18.9,24.7,0.765,10.5,29.2,39.7,18.8,8.6,2.0,16.1,26.8,88.6
1998,11,12.0,Atlanta Hawks,4,240.0,32.8,73.0,0.449,6.8,18.0,0.375,26.0,55.0,0.473,15.3,22.3,0.685,11.0,29.0,40.0,17.0,7.8,4.8,12.8,23.5,87.5
1998,12,13.0,Miami Heat,5,240.0,30.0,69.6,0.431,7.2,20.0,0.36,22.8,49.6,0.46,20.2,29.6,0.682,8.2,28.6,36.8,16.4,6.8,3.8,13.6,25.4,87.4
1998,13,14.0,Houston Rockets,5,240.0,29.0,75.4,0.385,4.8,18.6,0.258,24.2,56.8,0.426,21.8,29.8,0.732,11.2,31.2,42.4,16.2,7.2,5.0,13.0,23.8,84.6
1998,14,15.0,Charlotte Hornets,9,240.0,33.1,72.9,0.454,3.6,11.1,0.32,29.6,61.8,0.478,13.0,19.0,0.684,9.1,27.0,36.1,21.2,6.4,2.8,14.1,21.6,82.8
1998,15,16.0,Cleveland Cavaliers,4,240.0,26.8,61.5,0.435,1.8,6.0,0.292,25.0,55.5,0.45,25.5,35.3,0.723,10.0,24.5,34.5,18.5,8.5,3.0,18.3,23.8,80.8
1998,16,,League Average,9,241.4,33.4,74.3,0.449,4.8,14.0,0.344,28.5,60.3,0.473,19.7,27.2,0.725,11.4,27.9,39.3,20.3,7.5,4.7,13.9,24.3,91.2
1999,0,1.0,Houston Rockets,4,240.0,33.8,81.3,0.415,7.8,21.3,0.365,26.0,60.0,0.433,21.8,28.5,0.763,13.3,32.5,45.8,20.5,7.5,4.5,12.8,26.0,97.0
1999,1,2.0,Milwaukee Bucks,3,248.3,34.0,75.0,0.453,4.7,14.0,0.333,29.3,61.0,0.481,22.7,29.3,0.773,11.0,27.0,38.0,20.0,8.3,5.0,16.3,30.0,95.3
1999,2,3.0,Los Angeles Lakers,8,240.0,35.3,79.6,0.443,4.8,15.6,0.304,30.5,64.0,0.477,18.8,29.3,0.641,12.1,28.3,40.4,19.5,6.6,6.4,13.1,25.3,94.0
1999,3,4.0,Indiana Pacers,13,241.9,32.8,74.2,0.441,6.5,18.0,0.363,26.2,56.2,0.466,21.5,28.2,0.763,11.6,29.8,41.5,20.7,6.6,5.2,15.3,25.9,93.6
1999,4,5.0,Phoenix Suns,3,240.0,34.7,80.7,0.43,7.0,18.7,0.375,27.7,62.0,0.446,16.0,21.7,0.738,10.3,22.7,33.0,22.3,10.3,2.3,13.7,29.0,92.3
1999,5,6.0,Sacramento Kings,5,250.0,32.4,79.6,0.407,6.2,22.2,0.279,26.2,57.4,0.456,19.6,26.4,0.742,12.8,28.6,41.4,18.2,10.6,4.4,17.6,23.8,90.6
1999,6,7.0,Philadelphia 76ers,8,240.0,34.6,82.1,0.422,2.5,10.5,0.238,32.1,71.6,0.449,17.5,24.5,0.714,16.9,27.5,44.4,19.0,10.4,5.1,12.9,25.5,89.3
1999,7,8.0,Utah Jazz,11,244.5,32.4,75.0,0.432,2.9,9.6,0.302,29.5,65.4,0.451,21.5,28.3,0.762,11.2,31.5,42.6,22.0,7.7,4.7,14.5,27.1,89.2
1999,8,9.0,San Antonio Spurs,17,240.0,31.6,70.1,0.451,4.1,11.8,0.35,27.5,58.4,0.471,21.1,28.5,0.742,9.8,30.4,40.2,21.3,7.3,5.8,14.2,21.8,88.4
1999,9,10.0,Orlando Magic,4,240.0,27.8,73.8,0.376,6.8,21.8,0.31,21.0,52.0,0.404,24.0,32.3,0.744,14.5,25.0,39.5,19.8,9.0,3.8,18.3,23.5,86.3
1999,10,11.0,Portland Trail Blazers,13,240.0,29.4,69.4,0.424,3.8,11.1,0.34,25.6,58.3,0.439,23.6,31.4,0.752,9.8,28.9,38.8,18.2,7.7,4.2,13.2,23.9,86.2
1999,11,12.0,New York Knicks,20,240.0,31.9,74.3,0.429,3.2,11.4,0.281,28.7,62.9,0.456,18.1,23.9,0.757,10.2,29.1,39.3,15.0,7.6,3.9,12.6,25.5,85.0
1999,12,13.0,Minnesota Timberwolves,4,240.0,32.0,80.8,0.396,2.5,8.0,0.313,29.5,72.8,0.405,14.0,18.3,0.767,14.3,29.3,43.5,18.8,6.5,6.0,13.8,24.0,80.5
1999,13,14.0,Atlanta Hawks,9,240.0,28.6,74.6,0.383,4.8,15.3,0.312,23.8,59.2,0.402,17.8,23.1,0.769,12.0,26.9,38.9,13.9,8.1,4.0,13.3,19.4,79.7
1999,14,15.0,Detroit Pistons,5,240.0,32.2,75.0,0.429,3.4,9.4,0.362,28.8,65.6,0.439,11.4,14.4,0.792,11.2,24.0,35.2,17.8,7.2,1.8,11.6,22.6,79.2
1999,15,16.0,Miami Heat,5,240.0,27.2,68.0,0.4,5.6,18.6,0.301,21.6,49.4,0.437,19.0,27.0,0.704,8.2,27.4,35.6,16.4,7.2,4.4,11.8,20.6,79.0
1999,16,,League Average,8,241.1,31.8,74.7,0.425,4.4,13.7,0.32,27.4,60.9,0.449,19.7,26.5,0.744,11.4,28.7,40.1,18.7,7.8,4.6,13.8,24.3,87.6
2000,0,1.0,Los Angeles Lakers,23,241.1,37.3,80.4,0.465,5.4,15.4,0.349,32.0,65.0,0.492,19.7,31.6,0.623,13.2,30.1,43.3,21.8,6.6,6.1,12.2,25.3,99.8
2000,1,2.0,Indiana Pacers,23,241.1,35.0,78.9,0.443,7.1,18.8,0.379,27.8,60.0,0.463,21.0,25.4,0.827,10.1,30.4,40.5,20.3,5.4,4.7,11.6,23.4,98.1
2000,2,3.0,Sacramento Kings,5,240.0,33.6,81.0,0.415,6.6,17.4,0.379,27.0,63.6,0.425,22.6,30.0,0.753,11.8,29.4,41.2,16.8,6.8,3.6,12.0,22.0,96.4
2000,3,4.0,Milwaukee Bucks,5,240.0,37.8,82.6,0.458,3.6,11.6,0.31,34.2,71.0,0.482,16.8,22.0,0.764,11.4,31.4,42.8,20.6,6.6,5.6,11.8,25.0,96.0
2000,4,5.0,Philadelphia 76ers,10,242.5,34.2,80.0,0.428,3.9,12.3,0.317,30.3,67.7,0.448,21.9,29.5,0.742,13.5,28.9,42.4,19.1,6.5,4.5,12.7,22.6,94.2
2000,5,6.0,Seattle Supersonics,5,240.0,34.8,79.6,0.437,7.0,16.4,0.427,27.8,63.2,0.44,16.6,23.2,0.716,12.4,28.6,41.0,19.8,8.2,3.4,14.6,21.8,93.2
2000,6,7.0,Portland Trail Blazers,16,240.0,32.4,73.1,0.444,5.4,14.6,0.372,27.0,58.5,0.462,22.2,28.3,0.785,9.8,28.4,38.2,19.3,7.4,3.8,12.7,25.3,92.5
2000,7,8.0,Charlotte Hornets,4,246.3,32.3,75.0,0.43,4.5,15.0,0.3,27.8,60.0,0.463,22.3,27.0,0.824,13.5,30.5,44.0,22.8,8.3,5.8,15.5,22.0,91.3
2000,8,9.0,Utah Jazz,10,240.0,33.1,74.6,0.444,4.6,12.3,0.374,28.5,62.3,0.457,17.5,23.7,0.738,10.3,30.0,40.3,23.6,6.9,5.4,14.9,25.0,88.3
2000,9,10.0,Phoenix Suns,9,240.0,33.4,82.2,0.407,4.7,16.8,0.278,28.8,65.4,0.44,15.8,22.6,0.7,13.9,31.0,44.9,21.0,8.1,6.2,15.3,27.4,87.3
2000,10,11.0,Minnesota Timberwolves,4,240.0,34.3,76.5,0.448,3.0,9.8,0.308,31.3,66.8,0.468,13.8,17.5,0.786,10.3,24.8,35.0,23.5,6.0,4.0,11.8,23.8,85.3
2000,11,12.0,New York Knicks,16,241.6,31.2,72.4,0.431,4.5,11.4,0.393,26.7,60.9,0.438,17.6,23.0,0.764,8.1,30.4,38.4,14.6,6.5,4.1,11.8,22.9,84.4
2000,12,13.0,Toronto Raptors,3,240.0,27.7,74.0,0.374,4.3,15.7,0.277,23.3,58.3,0.4,24.0,31.0,0.774,13.0,29.7,42.7,19.0,9.0,4.3,14.3,26.0,83.7
2000,13,14.0,Miami Heat,10,242.5,30.9,73.7,0.419,4.7,14.9,0.315,26.2,58.8,0.446,16.7,24.2,0.69,10.5,32.9,43.4,19.1,7.2,5.1,13.9,26.0,83.2
2000,14,15.0,San Antonio Spurs,4,240.0,28.3,76.0,0.372,3.0,11.0,0.273,25.3,65.0,0.388,22.3,30.5,0.73,12.3,34.0,46.3,15.0,8.8,7.5,16.3,20.8,81.8
2000,15,16.0,Detroit Pistons,3,240.0,28.0,69.3,0.404,4.3,11.7,0.371,23.7,57.7,0.41,19.3,27.0,0.716,6.0,28.3,34.3,14.7,6.0,1.7,17.0,24.7,79.7
2000,16,,League Average,9,241.0,33.6,77.1,0.436,5.2,14.7,0.352,28.4,62.4,0.455,19.5,26.4,0.737,11.1,30.1,41.2,19.7,6.8,4.9,13.0,24.2,91.8
2001,0,1.0,Los Angeles Lakers,16,241.6,38.3,81.8,0.468,6.1,15.9,0.386,32.1,65.9,0.487,20.8,30.7,0.676,14.3,33.9,48.2,22.8,9.2,5.8,14.0,22.7,103.4
2001,1,2.0,Orlando Magic,4,246.3,39.0,89.8,0.435,8.0,20.5,0.39,31.0,69.3,0.448,16.8,24.5,0.684,13.5,30.3,43.8,22.0,8.0,6.3,11.3,26.5,102.8
2001,2,3.0,Sacramento Kings,8,240.0,34.6,86.0,0.403,5.0,14.3,0.351,29.6,71.8,0.413,23.4,28.6,0.817,15.1,32.5,47.6,16.8,8.1,5.3,16.6,24.3,97.6
2001,3,4.0,Charlotte Hornets,10,240.0,33.9,78.1,0.434,4.4,12.0,0.367,29.5,66.1,0.446,23.5,31.4,0.748,13.2,29.9,43.1,19.7,8.6,4.6,12.1,20.9,95.7
2001,4,5.0,Milwaukee Bucks,18,241.4,35.0,80.6,0.434,6.7,17.6,0.383,28.3,63.0,0.449,18.9,23.7,0.8,12.8,31.9,44.8,21.9,5.9,6.8,13.0,23.8,95.7
2001,5,6.0,Philadelphia 76ers,23,241.1,34.0,80.8,0.421,3.8,11.4,0.336,30.2,69.4,0.435,20.4,26.9,0.761,14.1,29.7,43.9,20.0,8.0,4.9,12.4,20.7,92.3
2001,6,7.0,Dallas Mavericks,10,240.0,32.2,80.8,0.399,6.1,17.2,0.355,26.1,63.6,0.41,21.7,25.6,0.848,12.2,28.8,41.0,17.0,5.9,5.5,11.6,23.4,92.2
2001,7,8.0,Toronto Raptors,12,240.0,35.3,79.5,0.443,5.9,15.1,0.392,29.3,64.4,0.455,15.8,20.8,0.756,11.9,26.8,38.8,22.4,7.8,6.1,13.6,21.4,92.2
2001,8,9.0,San Antonio Spurs,13,240.0,33.4,76.1,0.439,5.5,15.2,0.364,27.8,60.8,0.458,19.2,26.8,0.716,10.7,32.9,43.6,19.6,6.1,6.0,13.9,20.7,91.5
2001,9,10.0,Utah Jazz,5,240.0,33.0,77.8,0.424,3.6,11.0,0.327,29.4,66.8,0.44,20.0,25.8,0.775,12.6,29.4,42.0,23.2,5.2,5.2,12.2,26.8,89.6
2001,10,11.0,New York Knicks,5,240.0,33.4,71.4,0.468,4.0,11.8,0.339,29.4,59.6,0.493,18.2,23.4,0.778,7.8,28.6,36.4,15.6,6.2,3.8,14.6,24.2,89.0
2001,11,12.0,Portland Trail Blazers,3,240.0,32.0,76.3,0.419,5.3,20.3,0.262,26.7,56.0,0.476,19.7,26.0,0.756,9.7,28.0,37.7,16.3,6.3,4.7,15.0,21.3,89.0
2001,12,13.0,Phoenix Suns,4,240.0,34.0,89.5,0.38,4.3,17.0,0.25,29.8,72.5,0.41,16.3,22.8,0.714,13.5,30.8,44.3,21.3,9.8,5.8,13.8,23.5,88.5
2001,13,14.0,Indiana Pacers,4,240.0,32.8,82.3,0.398,6.3,18.3,0.342,26.5,64.0,0.414,15.5,18.8,0.827,11.8,28.0,39.8,20.8,4.8,4.5,12.5,23.5,87.3
2001,14,15.0,Minnesota Timberwolves,4,240.0,30.8,79.5,0.387,3.0,10.0,0.3,27.8,69.5,0.399,17.5,21.5,0.814,11.0,31.5,42.5,18.5,7.5,5.8,12.8,24.3,82.0
2001,15,16.0,Miami Heat,3,240.0,29.7,72.3,0.41,5.3,16.7,0.32,24.3,55.7,0.437,13.7,19.3,0.707,7.3,27.7,35.0,16.7,5.0,5.0,18.7,25.3,78.3
2001,16,,League Average,9,240.7,34.4,80.2,0.429,5.3,14.8,0.357,29.1,65.4,0.445,19.5,25.8,0.757,12.6,30.5,43.2,20.2,7.3,5.5,13.3,22.6,93.6
2002,0,1.0,Dallas Mavericks,8,243.1,39.8,88.0,0.452,8.4,22.1,0.379,31.4,65.9,0.476,21.1,25.3,0.837,10.9,31.0,41.9,19.6,6.3,4.6,12.5,25.8,109.0
2002,1,2.0,Minnesota Timberwolves,3,240.0,36.0,81.0,0.444,5.0,12.7,0.395,31.0,68.3,0.454,25.0,34.7,0.721,14.3,35.0,49.3,16.0,5.7,2.7,15.7,27.0,102.0
2002,2,3.0,Sacramento Kings,16,243.1,36.9,82.4,0.448,5.0,16.2,0.309,31.9,66.3,0.482,22.2,29.9,0.741,12.9,32.6,45.6,20.6,7.5,4.7,14.8,23.8,101.1
2002,3,4.0,Los Angeles Lakers,19,241.3,35.7,80.5,0.444,6.1,18.0,0.339,29.6,62.5,0.474,20.3,28.1,0.721,12.3,33.2,45.4,19.6,6.8,5.8,13.7,23.6,97.8
2002,4,5.0,Charlotte Hornets,9,245.6,34.1,81.0,0.421,4.4,12.2,0.364,29.7,68.8,0.431,23.4,32.3,0.725,14.7,31.6,46.2,19.6,8.9,7.3,14.8,27.4,96.1
2002,5,6.0,New Jersey Nets,20,242.5,35.9,82.9,0.432,4.2,14.6,0.285,31.7,68.4,0.464,19.5,26.9,0.726,12.4,30.4,42.7,21.3,7.9,5.5,14.2,24.5,95.4
2002,6,7.0,Orlando Magic,4,252.5,33.3,78.5,0.424,4.3,16.5,0.258,29.0,62.0,0.468,23.0,31.0,0.742,9.0,30.5,39.5,19.5,5.5,3.8,12.0,25.8,93.8
2002,7,8.0,Indiana Pacers,5,250.0,34.8,76.0,0.458,4.8,11.8,0.407,30.0,64.2,0.467,17.2,22.6,0.761,8.4,33.8,42.2,21.2,8.2,4.0,18.2,25.0,91.6
2002,8,9.0,Boston Celtics,16,240.0,32.8,78.4,0.418,7.9,22.9,0.343,24.9,55.5,0.449,17.8,22.9,0.774,10.6,32.7,43.3,18.8,8.9,4.8,14.1,22.9,91.3
2002,9,10.0,Portland Trail Blazers,3,240.0,31.3,82.0,0.382,6.7,18.0,0.37,24.7,64.0,0.385,22.0,27.7,0.795,12.0,32.0,44.0,20.7,8.3,3.0,14.7,27.0,91.3
2002,10,11.0,San Antonio Spurs,10,240.0,32.9,76.2,0.432,5.0,14.7,0.34,27.9,61.5,0.454,20.3,26.6,0.763,11.1,29.9,41.0,16.9,6.1,6.5,11.1,20.4,91.1
2002,11,12.0,Philadelphia 76ers,5,240.0,30.4,73.6,0.413,4.0,13.0,0.308,26.4,60.6,0.436,24.2,32.0,0.756,12.6,28.6,41.2,19.4,9.0,4.0,14.4,18.6,89.0
2002,12,13.0,Utah Jazz,4,240.0,33.0,79.5,0.415,3.5,11.5,0.304,29.5,68.0,0.434,18.5,27.0,0.685,15.3,28.0,43.3,23.0,9.0,7.0,16.5,26.0,88.0
2002,13,14.0,Seattle Supersonics,5,240.0,34.2,79.6,0.43,4.8,12.2,0.393,29.4,67.4,0.436,13.0,19.0,0.684,11.4,28.8,40.2,17.4,4.0,4.8,10.6,23.4,86.2
2002,14,15.0,Toronto Raptors,5,240.0,32.6,77.2,0.422,3.4,10.6,0.321,29.2,66.6,0.438,15.2,20.6,0.738,12.4,30.0,42.4,21.0,8.0,5.2,16.0,23.4,83.8
2002,15,16.0,Detroit Pistons,10,240.0,29.4,73.6,0.399,8.0,22.6,0.354,21.4,51.0,0.42,16.2,22.4,0.723,9.6,28.1,37.7,18.7,7.3,5.6,14.6,21.0,83.0
2002,16,,League Average,9,242.1,34.4,79.9,0.431,5.6,16.6,0.336,28.8,63.3,0.456,19.8,26.7,0.742,11.8,31.2,43.1,19.7,7.5,5.2,14.1,23.8,94.2
2003,0,1.0,Sacramento Kings,12,244.2,39.3,85.5,0.459,6.8,18.4,0.367,32.5,67.1,0.484,22.7,29.2,0.777,12.8,31.5,44.3,22.6,7.5,4.8,13.4,23.0,107.9
2003,1,2.0,Dallas Mavericks,20,242.5,38.7,86.1,0.45,9.2,23.2,0.397,29.5,62.9,0.469,17.5,21.1,0.829,11.2,30.9,42.1,20.4,6.1,5.2,12.5,24.3,104.1
2003,2,3.0,Portland Trail Blazers,7,240.0,36.4,79.0,0.461,6.3,17.0,0.37,30.1,62.0,0.486,22.1,29.4,0.752,15.0,29.7,44.7,23.3,6.3,3.0,13.7,22.6,101.3
2003,3,4.0,Minnesota Timberwolves,6,244.2,37.5,81.0,0.463,4.7,14.0,0.333,32.8,67.0,0.49,20.8,25.8,0.806,8.8,33.3,42.2,22.0,6.8,3.5,15.8,24.2,100.5
2003,4,5.0,Los Angeles Lakers,12,242.1,37.3,83.3,0.448,7.1,20.0,0.354,30.3,63.3,0.478,18.5,26.1,0.709,12.3,30.9,43.3,20.9,7.0,5.3,13.8,24.0,100.3
2003,5,6.0,Milwaukee Bucks,6,244.2,36.5,79.5,0.459,6.3,17.0,0.373,30.2,62.5,0.483,18.5,24.8,0.745,8.3,27.0,35.3,20.2,7.2,3.8,13.3,27.3,97.8
2003,6,7.0,San Antonio Spurs,24,241.0,33.8,76.8,0.441,5.3,15.2,0.351,28.5,61.5,0.463,21.8,30.6,0.712,12.1,33.4,45.5,20.7,7.8,6.9,15.2,21.4,94.8
2003,7,8.0,Boston Celtics,10,247.5,33.4,79.1,0.422,8.6,24.3,0.354,24.8,54.8,0.453,19.2,24.0,0.8,8.8,31.9,40.7,20.7,8.6,4.3,14.8,25.9,94.6
2003,8,9.0,New Jersey Nets,20,243.8,34.2,80.6,0.425,4.7,13.3,0.35,29.6,67.3,0.439,20.6,27.1,0.762,13.6,31.5,45.1,21.3,7.5,4.3,15.2,25.1,93.7
2003,9,10.0,Utah Jazz,5,240.0,33.8,77.8,0.434,1.8,6.8,0.265,32.0,71.0,0.451,23.6,30.0,0.787,14.0,25.2,39.2,21.0,7.2,5.6,16.4,24.8,93.0
2003,10,11.0,New Orleans Hornets,6,240.0,33.8,77.2,0.438,6.3,17.2,0.369,27.5,60.0,0.458,18.8,25.3,0.743,12.3,26.8,39.2,20.0,7.3,5.0,14.7,25.5,92.8
2003,11,12.0,Philadelphia 76ers,12,244.2,33.7,75.9,0.443,3.8,10.7,0.352,29.9,65.3,0.458,21.0,26.2,0.803,12.1,29.8,41.8,18.9,7.2,2.5,14.8,23.9,92.1
2003,12,13.0,Indiana Pacers,6,244.2,30.2,77.7,0.388,5.2,17.7,0.292,25.0,60.0,0.417,25.7,32.5,0.79,13.2,33.7,46.8,19.8,7.0,5.8,14.2,23.5,91.2
2003,13,14.0,Detroit Pistons,17,242.9,30.2,73.8,0.41,6.7,19.1,0.352,23.5,54.8,0.43,22.8,30.7,0.741,10.8,28.3,39.1,17.8,8.0,5.9,13.4,23.5,89.9
2003,14,15.0,Orlando Magic,7,240.0,31.0,73.1,0.424,5.1,16.3,0.316,25.9,56.9,0.455,20.4,26.1,0.781,9.9,28.3,38.1,16.0,5.3,4.0,15.3,29.9,87.6
2003,15,16.0,Phoenix Suns,6,244.2,32.3,83.7,0.386,4.7,15.7,0.298,27.7,68.0,0.407,15.8,22.2,0.714,13.3,29.7,43.0,16.2,9.5,5.8,16.2,29.2,85.2
2003,16,,League Average,11,242.8,34.7,79.6,0.436,6.1,17.1,0.355,28.6,62.5,0.458,20.6,27.0,0.761,11.8,30.6,42.5,20.2,7.3,4.9,14.4,24.3,96.0
2004,0,1.0,Dallas Mavericks,5,240.0,38.2,96.4,0.396,5.0,17.4,0.287,33.2,79.0,0.42,18.2,23.6,0.771,20.4,31.8,52.2,20.6,9.2,6.6,13.6,21.6,99.6
2004,1,2.0,Sacramento Kings,12,242.1,35.3,82.9,0.425,5.8,16.8,0.348,29.4,66.2,0.445,18.8,24.8,0.758,10.9,33.1,44.0,22.8,9.4,3.7,14.3,21.1,95.2
2004,2,3.0,Minnesota Timberwolves,18,241.4,33.9,77.1,0.441,5.9,15.2,0.387,28.1,61.8,0.454,18.2,23.3,0.78,9.7,32.3,42.0,19.3,6.6,5.2,15.0,24.3,91.9
2004,3,4.0,Denver Nuggets,5,240.0,37.2,87.2,0.427,4.4,13.0,0.338,32.8,74.2,0.442,11.8,16.8,0.702,14.4,28.8,43.2,20.4,7.8,2.8,14.2,24.2,90.6
2004,4,5.0,San Antonio Spurs,10,240.0,33.5,76.2,0.44,6.9,18.9,0.365,26.6,57.3,0.464,15.4,23.9,0.644,12.6,29.7,42.3,19.4,7.7,4.2,15.5,22.8,89.3
2004,5,6.0,New Jersey Nets,11,246.8,30.8,72.8,0.423,4.5,16.4,0.272,26.4,56.5,0.467,22.1,30.3,0.73,10.6,32.1,42.7,20.5,8.6,5.4,18.5,26.0,88.2
2004,6,7.0,Los Angeles Lakers,22,242.3,33.0,74.5,0.444,5.0,15.5,0.321,28.1,59.0,0.476,17.1,27.9,0.612,10.2,30.0,40.2,22.6,7.3,4.2,12.6,22.9,88.1
2004,7,8.0,Detroit Pistons,23,244.3,31.4,76.3,0.412,4.2,13.9,0.304,27.2,62.4,0.436,20.1,27.3,0.734,12.9,32.0,44.8,19.4,8.0,7.1,14.9,22.5,87.1
2004,8,9.0,Milwaukee Bucks,5,240.0,32.4,77.8,0.416,4.8,14.4,0.333,27.6,63.4,0.435,16.0,21.6,0.741,11.2,28.0,39.2,20.6,8.2,4.2,16.4,22.4,85.6
2004,9,10.0,Indiana Pacers,16,240.0,30.7,75.1,0.408,5.9,17.8,0.333,24.8,57.3,0.432,18.2,24.8,0.733,10.8,31.3,42.1,17.9,8.7,6.3,13.6,23.5,85.5
2004,10,11.0,Houston Rockets,5,245.0,31.8,74.4,0.427,4.6,15.2,0.303,27.2,59.2,0.459,16.4,22.8,0.719,9.6,34.8,44.4,17.2,5.2,3.6,16.8,22.8,84.6
2004,11,12.0,Boston Celtics,4,240.0,28.8,70.5,0.408,5.3,15.8,0.333,23.5,54.8,0.429,21.8,27.0,0.806,9.3,31.8,41.0,17.5,6.5,5.0,19.8,20.3,84.5
2004,12,13.0,Miami Heat,13,240.0,30.5,74.8,0.408,3.7,13.4,0.276,26.8,61.4,0.437,19.3,25.6,0.754,11.4,30.5,41.8,16.3,7.5,4.1,14.2,24.4,84.1
2004,13,14.0,New York Knicks,4,240.0,30.8,80.0,0.384,4.3,14.5,0.293,26.5,65.5,0.405,18.3,25.3,0.723,12.3,26.3,38.5,19.5,9.3,4.0,16.3,28.0,84.0
2004,14,15.0,Memphis Grizzlies,4,240.0,30.8,72.5,0.424,3.8,12.8,0.294,27.0,59.8,0.452,18.3,23.5,0.777,9.5,25.0,34.5,14.5,9.5,5.0,14.3,25.0,83.5
2004,15,16.0,New Orleans Hornets,7,240.0,29.3,76.3,0.384,5.9,18.6,0.315,23.4,57.7,0.406,16.1,20.7,0.779,12.3,30.0,42.3,19.3,6.1,4.6,17.1,20.9,80.6
2004,16,,League Average,10,241.8,32.4,76.9,0.421,5.1,15.6,0.324,27.3,61.3,0.445,18.2,25.2,0.723,11.4,31.0,42.4,19.6,7.8,5.0,14.9,23.2,88.0
2005,0,1.0,Phoenix Suns,15,241.7,41.8,84.8,0.493,8.6,19.7,0.436,33.2,65.1,0.51,19.8,25.8,0.767,12.1,31.1,43.1,20.5,6.1,6.3,12.9,20.1,112.0
2005,1,2.0,Dallas Mavericks,13,241.9,38.1,84.2,0.452,6.6,17.5,0.379,31.5,66.7,0.472,22.4,28.5,0.786,14.4,29.1,43.5,17.5,7.2,5.1,13.2,22.7,105.2
2005,2,3.0,Memphis Grizzlies,4,240.0,41.5,87.8,0.473,7.8,19.8,0.392,33.8,68.0,0.496,12.0,17.0,0.706,11.8,27.8,39.5,21.0,5.8,4.5,10.8,24.5,102.8
2005,3,4.0,Chicago Bulls,6,240.0,35.5,84.7,0.419,9.0,23.2,0.388,26.5,61.5,0.431,22.5,31.2,0.722,14.2,30.3,44.5,21.7,6.3,5.0,15.2,29.2,102.5
2005,4,5.0,Sacramento Kings,5,240.0,38.4,86.2,0.445,5.8,20.8,0.279,32.6,65.4,0.498,19.6,24.6,0.797,13.0,23.0,36.0,20.2,6.2,4.0,11.2,25.8,102.2
2005,5,6.0,Washington Wizards,10,240.0,35.1,82.6,0.425,5.6,18.8,0.298,29.5,63.8,0.462,24.6,33.8,0.728,12.9,29.9,42.8,17.2,8.2,5.8,13.7,25.4,100.4
2005,6,7.0,Seattle Supersonics,11,240.0,35.5,77.5,0.458,4.8,15.7,0.306,30.6,61.7,0.496,22.8,28.5,0.799,12.6,27.6,40.3,16.2,6.5,4.5,13.8,26.1,98.5
2005,7,8.0,Miami Heat,15,243.3,36.0,73.1,0.492,6.0,15.5,0.388,30.0,57.7,0.52,20.0,29.9,0.668,8.3,33.3,41.6,18.9,5.5,5.7,15.3,24.5,98.0
2005,8,9.0,Houston Rockets,7,240.0,35.0,75.1,0.466,7.1,17.7,0.403,27.9,57.4,0.485,20.4,25.9,0.79,10.7,27.0,37.7,18.0,7.3,5.9,14.3,24.7,97.6
2005,9,10.0,San Antonio Spurs,23,242.2,34.7,76.5,0.454,7.1,18.3,0.389,27.6,58.1,0.474,20.4,28.0,0.727,12.3,29.7,42.1,18.4,5.6,5.8,14.5,21.9,96.9
2005,10,11.0,New Jersey Nets,4,252.5,33.5,84.8,0.395,6.3,21.5,0.291,27.3,63.3,0.431,23.5,31.3,0.752,13.0,29.8,42.8,21.3,7.5,1.3,13.0,30.8,96.8
2005,11,12.0,Philadelphia 76ers,5,245.0,34.8,79.6,0.437,6.6,19.4,0.34,28.2,60.2,0.468,14.6,20.4,0.716,9.6,25.2,34.8,19.8,8.6,4.0,12.8,21.8,90.8
2005,12,13.0,Detroit Pistons,25,242.0,34.5,79.0,0.437,4.5,13.9,0.326,30.0,65.1,0.461,16.8,22.6,0.742,12.4,29.9,42.3,20.5,7.3,6.1,12.2,21.0,90.3
2005,13,14.0,Denver Nuggets,5,245.0,32.8,78.6,0.417,2.2,8.4,0.262,30.6,70.2,0.436,22.4,30.4,0.737,10.2,29.2,39.4,16.4,6.4,5.8,13.0,27.0,90.2
2005,14,15.0,Boston Celtics,7,243.6,32.9,74.3,0.442,4.9,14.9,0.327,28.0,59.4,0.471,17.1,22.7,0.755,10.3,29.1,39.4,16.6,8.4,6.4,15.3,25.4,87.7
2005,15,16.0,Indiana Pacers,13,241.9,28.8,73.0,0.395,5.6,17.8,0.316,23.2,55.2,0.421,20.7,26.4,0.784,10.9,29.2,40.1,18.0,8.1,5.9,15.1,22.0,84.0
2005,16,,League Average,11,242.1,35.5,79.1,0.448,6.1,17.2,0.357,29.3,61.9,0.474,20.0,26.8,0.746,11.8,29.5,41.3,18.8,6.8,5.5,13.7,23.5,97.1
2006,0,1.0,Phoenix Suns,20,245.0,40.1,83.1,0.482,9.2,23.5,0.391,30.9,59.6,0.518,17.9,21.6,0.831,7.7,29.0,36.7,23.4,5.7,4.4,11.6,21.9,107.2
2006,1,2.0,Los Angeles Clippers,12,244.2,39.7,80.8,0.491,4.5,11.9,0.378,35.2,68.8,0.511,21.8,26.8,0.816,11.0,34.6,45.6,20.8,5.0,5.9,15.5,23.9,105.7
2006,2,3.0,San Antonio Spurs,13,245.8,36.5,74.1,0.492,6.0,15.3,0.392,30.5,58.8,0.518,24.2,31.1,0.777,8.2,29.0,37.2,17.5,6.5,5.5,13.3,23.7,103.1
2006,3,4.0,Washington Wizards,6,248.3,35.3,78.7,0.449,6.2,19.2,0.322,29.2,59.5,0.49,24.8,33.3,0.745,11.5,27.7,39.2,17.5,6.8,5.5,12.8,22.7,101.7
2006,4,5.0,Los Angeles Lakers,7,247.1,37.7,83.1,0.454,7.1,21.4,0.333,30.6,61.7,0.495,18.0,23.6,0.764,11.0,31.6,42.6,17.1,6.4,3.1,15.0,22.9,100.6
2006,5,6.0,Dallas Mavericks,23,244.3,36.1,80.1,0.451,4.8,15.1,0.317,31.3,65.0,0.482,22.7,28.0,0.809,12.2,30.5,42.7,15.3,6.6,4.3,12.8,25.5,99.7
2006,6,7.0,Chicago Bulls,6,240.0,34.0,76.3,0.445,7.8,19.8,0.395,26.2,56.5,0.463,22.5,30.3,0.742,8.8,30.5,39.3,18.3,5.7,3.8,15.8,25.8,98.3
2006,7,8.0,Milwaukee Bucks,5,240.0,37.8,80.2,0.471,5.2,12.4,0.419,32.6,67.8,0.481,16.8,21.4,0.785,10.6,26.4,37.0,21.0,6.0,2.4,13.2,26.8,97.6
2006,8,9.0,Sacramento Kings,6,244.2,34.7,78.2,0.443,5.2,15.7,0.33,29.5,62.5,0.472,22.8,28.8,0.792,12.3,26.0,38.3,15.3,7.5,2.5,13.0,26.0,97.3
2006,9,10.0,Miami Heat,23,241.1,34.8,72.4,0.481,6.3,19.1,0.333,28.5,53.3,0.534,20.3,30.9,0.655,9.5,32.5,42.0,17.5,7.0,4.6,15.5,24.0,96.3
2006,10,11.0,New Jersey Nets,11,240.0,34.3,75.8,0.452,5.4,17.5,0.307,28.9,58.4,0.495,20.3,26.6,0.761,10.0,28.6,38.6,22.1,6.9,2.5,12.7,26.6,94.2
2006,11,12.0,Detroit Pistons,18,240.0,32.1,74.3,0.432,6.9,18.5,0.372,25.2,55.8,0.452,20.6,28.4,0.724,11.3,27.4,38.8,18.7,6.4,4.1,11.9,20.4,91.7
2006,12,13.0,Cleveland Cavaliers,13,243.8,33.6,76.8,0.437,4.2,13.2,0.32,29.4,63.6,0.462,18.9,24.8,0.764,12.5,29.8,42.2,16.2,6.5,4.2,14.5,24.6,90.4
2006,13,14.0,Indiana Pacers,6,240.0,31.2,70.3,0.443,6.7,19.5,0.342,24.5,50.8,0.482,20.3,27.2,0.748,8.3,29.0,37.3,17.8,6.0,4.5,15.8,24.8,89.3
2006,14,15.0,Denver Nuggets,5,240.0,32.6,85.8,0.38,3.0,13.6,0.221,29.6,72.2,0.41,19.2,26.4,0.727,14.0,27.8,41.8,19.8,6.8,4.2,11.8,23.2,87.4
2006,15,16.0,Memphis Grizzlies,4,246.3,30.0,66.5,0.451,3.8,12.0,0.313,26.3,54.5,0.482,20.5,28.3,0.726,8.3,26.0,34.3,14.0,4.8,3.8,16.0,27.5,84.3
2006,16,,League Average,11,243.1,35.5,77.4,0.459,6.0,17.2,0.349,29.5,60.1,0.491,20.7,27.4,0.758,10.4,29.7,40.1,18.4,6.4,4.3,13.6,24.0,97.8
2007,0,1.0,Golden State Warriors,11,242.3,36.5,81.2,0.45,11.1,31.0,0.358,25.5,50.2,0.507,22.5,30.5,0.735,11.5,26.8,38.3,17.2,10.3,5.5,14.9,26.6,106.6
2007,1,2.0,Phoenix Suns,11,240.0,39.0,81.8,0.477,7.1,18.7,0.379,31.9,63.1,0.506,19.0,24.4,0.78,9.2,31.2,40.4,23.4,6.4,5.2,13.8,19.6,104.1
2007,2,3.0,Dallas Mavericks,6,240.0,34.2,80.8,0.423,7.0,22.2,0.316,27.2,58.7,0.463,23.2,30.0,0.772,14.0,30.3,44.3,17.8,8.3,5.0,16.3,23.8,98.5
2007,3,4.0,Los Angeles Lakers,5,240.0,38.0,86.0,0.442,6.4,19.8,0.323,31.6,66.2,0.477,15.6,21.6,0.722,14.2,29.2,43.4,14.4,5.8,4.0,15.2,23.0,98.0
2007,4,5.0,Utah Jazz,17,241.5,36.4,79.4,0.459,4.3,12.6,0.341,32.1,66.8,0.481,20.8,27.7,0.749,13.0,31.2,44.2,22.2,7.4,4.8,16.0,24.6,97.9
2007,5,6.0,San Antonio Spurs,20,240.0,35.3,76.8,0.459,7.6,19.7,0.384,27.7,57.1,0.485,17.6,24.3,0.724,10.5,30.1,40.6,19.9,7.1,5.5,13.9,20.5,95.7
2007,6,7.0,Chicago Bulls,10,240.0,32.5,75.6,0.43,5.9,16.6,0.355,26.6,59.0,0.451,21.5,29.5,0.729,11.6,30.3,41.9,20.6,7.0,4.2,15.3,22.1,92.4
2007,7,8.0,Washington Wizards,4,240.0,34.3,83.0,0.413,6.3,20.5,0.305,28.0,62.5,0.448,16.8,21.8,0.77,10.3,26.3,36.5,18.8,5.5,3.0,8.8,21.3,91.5
2007,8,9.0,Detroit Pistons,16,243.1,32.7,76.0,0.43,5.8,16.6,0.35,26.9,59.4,0.453,20.2,26.3,0.767,11.8,28.8,40.6,20.1,7.1,4.7,13.3,23.9,91.4
2007,9,10.0,Toronto Raptors,6,240.0,32.5,73.5,0.442,5.3,14.5,0.368,27.2,59.0,0.46,20.5,25.5,0.804,7.3,30.5,37.8,16.2,7.7,4.0,14.7,21.3,90.8
2007,10,11.0,New Jersey Nets,12,240.0,32.6,73.3,0.444,7.7,20.8,0.368,24.9,52.5,0.475,17.3,23.3,0.743,8.6,31.3,39.8,23.0,6.3,2.9,16.1,21.2,90.2
2007,11,12.0,Cleveland Cavaliers,20,242.5,32.1,76.3,0.421,5.4,16.6,0.326,26.7,59.8,0.447,19.2,26.1,0.737,11.9,31.4,43.3,17.5,7.2,3.5,13.0,20.7,88.8
2007,12,13.0,Miami Heat,4,240.0,33.3,74.8,0.445,5.5,17.0,0.324,27.8,57.8,0.481,16.8,27.3,0.615,8.0,28.3,36.3,17.8,6.3,5.3,14.8,25.3,88.8
2007,13,14.0,Denver Nuggets,5,240.0,33.6,79.4,0.423,4.6,14.4,0.319,29.0,65.0,0.446,16.4,21.0,0.781,13.0,30.4,43.4,17.6,5.6,4.2,15.2,18.0,88.2
2007,14,15.0,Orlando Magic,4,240.0,34.5,72.3,0.478,2.5,7.3,0.345,32.0,65.0,0.492,16.5,28.5,0.579,11.3,29.0,40.3,18.0,4.3,3.5,14.8,24.3,88.0
2007,15,16.0,Houston Rockets,7,240.0,29.7,72.4,0.41,7.1,22.3,0.321,22.6,50.1,0.45,20.7,26.3,0.788,9.9,31.7,41.6,18.1,7.0,4.1,14.9,19.3,87.3
2007,16,,League Average,10,240.9,34.2,77.4,0.442,6.4,18.3,0.35,27.8,59.1,0.471,19.4,26.1,0.743,11.1,30.1,41.2,19.5,7.1,4.4,14.4,22.2,94.2
2008,0,1.0,Los Angeles Lakers,21,241.2,36.8,78.6,0.468,7.0,19.0,0.367,29.8,59.7,0.5,22.0,29.1,0.753,8.8,30.8,39.6,20.8,7.2,5.3,13.3,23.3,102.4
2008,1,2.0,Denver Nuggets,4,240.0,37.8,88.5,0.427,4.5,18.0,0.25,33.3,70.5,0.472,21.5,29.0,0.741,16.5,32.3,48.8,18.5,6.3,4.8,14.5,25.5,101.5
2008,2,3.0,Phoenix Suns,5,250.0,38.0,82.4,0.461,5.0,14.8,0.338,33.0,67.6,0.488,19.4,30.4,0.638,9.4,32.2,41.6,18.8,5.2,7.0,12.4,22.6,100.4
2008,3,4.0,Toronto Raptors,5,240.0,37.2,85.6,0.435,8.4,24.0,0.35,28.8,61.6,0.468,16.6,19.2,0.865,9.8,29.4,39.2,24.0,7.2,2.4,10.0,22.8,99.4
2008,4,5.0,Utah Jazz,12,242.1,36.4,81.8,0.445,5.8,16.7,0.35,30.6,65.2,0.469,20.3,27.0,0.75,14.5,29.8,44.3,21.4,6.5,5.8,12.9,25.5,98.9
2008,5,6.0,Orlando Magic,10,240.0,35.4,75.4,0.469,9.0,25.3,0.356,26.4,50.1,0.527,17.3,24.3,0.712,11.7,31.2,42.9,17.4,4.8,4.9,14.5,20.5,97.1
2008,6,7.0,New Orleans Hornets,12,240.0,37.6,81.0,0.464,5.8,14.0,0.411,31.8,67.0,0.475,15.7,20.3,0.774,10.3,31.8,42.1,19.3,7.3,5.1,8.8,20.7,96.6
2008,7,8.0,San Antonio Spurs,17,242.9,35.5,79.7,0.446,7.5,20.1,0.375,28.0,59.6,0.469,15.5,20.8,0.745,9.0,32.8,41.8,20.4,5.3,4.1,12.8,22.5,94.1
2008,8,9.0,Boston Celtics,26,240.0,33.6,75.1,0.447,6.0,16.8,0.359,27.5,58.3,0.472,20.8,26.6,0.783,11.1,28.9,40.0,21.5,7.6,4.3,12.8,24.3,94.0
2008,9,10.0,Dallas Mavericks,5,240.0,31.6,78.8,0.401,7.2,20.8,0.346,24.4,58.0,0.421,23.6,30.0,0.787,14.4,30.8,45.2,19.4,4.0,4.0,11.6,20.6,94.0
2008,10,11.0,Washington Wizards,6,240.0,32.0,75.2,0.426,6.0,19.7,0.305,26.0,55.5,0.468,22.2,29.0,0.764,9.7,27.7,37.3,15.7,7.2,4.8,12.3,22.8,92.2
2008,11,12.0,Detroit Pistons,17,240.0,33.9,74.5,0.455,4.5,13.3,0.341,29.4,61.2,0.48,19.1,23.8,0.802,10.6,25.6,36.2,20.5,7.4,5.8,12.9,23.3,91.4
2008,12,13.0,Cleveland Cavaliers,13,240.0,31.1,74.1,0.42,6.7,19.4,0.345,24.4,54.7,0.446,21.1,29.2,0.721,11.8,29.2,40.9,20.2,6.0,4.8,13.8,22.1,89.9
2008,13,14.0,Houston Rockets,6,240.0,32.2,78.7,0.409,5.8,20.0,0.292,26.3,58.7,0.449,17.8,26.2,0.682,13.0,29.0,42.0,15.5,6.8,5.5,10.8,21.2,88.0
2008,14,15.0,Atlanta Hawks,7,240.0,29.3,71.3,0.411,4.0,12.4,0.322,25.3,58.9,0.43,24.6,31.4,0.782,11.6,26.7,38.3,17.4,4.3,5.7,15.9,20.1,87.1
2008,15,16.0,Philadelphia 76ers,6,240.0,31.2,74.7,0.417,1.8,7.8,0.234,29.3,66.8,0.439,21.7,30.0,0.722,13.5,24.7,38.2,15.8,8.8,3.7,14.8,19.2,85.8
2008,16,,League Average,11,240.9,34.5,77.6,0.444,6.1,17.5,0.35,28.4,60.1,0.472,19.7,26.1,0.755,11.1,29.6,40.7,19.8,6.6,4.9,12.8,22.7,94.9
2009,0,1.0,Chicago Bulls,7,265.0,38.4,87.1,0.441,7.3,19.3,0.378,31.1,67.9,0.459,24.1,29.9,0.809,10.4,35.1,45.6,19.9,6.7,8.1,16.1,24.6,108.3
2009,1,2.0,Denver Nuggets,16,240.0,37.3,78.4,0.475,8.1,21.1,0.383,29.2,57.4,0.509,25.4,33.4,0.759,10.7,29.6,40.3,22.6,9.2,5.2,12.1,25.8,107.9
2009,2,3.0,Los Angeles Lakers,23,242.2,37.4,80.5,0.465,7.0,18.4,0.377,30.5,62.1,0.491,20.6,27.5,0.747,11.1,30.9,42.0,19.4,7.9,6.3,13.0,23.5,102.4
2009,3,4.0,Boston Celtics,14,252.5,37.4,84.1,0.445,6.7,18.6,0.36,30.7,65.4,0.469,20.6,26.0,0.791,10.9,32.4,43.2,22.9,7.8,4.9,13.6,24.3,102.1
2009,4,5.0,Dallas Mavericks,10,240.0,35.6,75.7,0.47,7.3,20.6,0.354,28.3,55.1,0.514,23.1,28.4,0.813,9.2,31.5,40.7,18.1,6.5,3.8,13.0,22.8,101.6
2009,5,6.0,Cleveland Cavaliers,14,241.8,34.8,75.1,0.463,6.6,19.8,0.336,28.1,55.4,0.508,21.4,28.8,0.742,10.1,30.2,40.3,19.1,6.6,4.6,12.4,20.6,97.6
2009,6,7.0,Utah Jazz,5,240.0,35.0,81.0,0.432,5.0,14.6,0.342,30.0,66.4,0.452,22.4,30.2,0.742,13.2,29.4,42.6,25.4,9.8,3.4,14.6,23.8,97.4
2009,7,8.0,Orlando Magic,24,243.1,34.5,75.4,0.457,8.4,23.3,0.36,26.1,52.1,0.501,19.6,27.1,0.722,8.3,30.0,38.4,18.9,6.8,4.8,13.2,21.4,97.0
2009,8,9.0,Houston Rockets,13,240.0,34.0,76.1,0.447,6.6,20.2,0.328,27.4,55.9,0.49,16.8,21.9,0.768,9.7,30.8,40.5,17.0,6.2,3.2,14.2,20.1,91.5
2009,9,10.0,San Antonio Spurs,5,240.0,35.0,76.6,0.457,5.8,17.6,0.33,29.2,59.0,0.495,14.6,20.6,0.709,8.8,28.8,37.6,16.0,5.6,3.0,11.0,22.0,90.4
2009,10,11.0,Philadelphia 76ers,6,240.0,34.0,75.0,0.453,5.8,15.8,0.368,28.2,59.2,0.476,14.7,20.7,0.71,8.0,28.8,36.8,17.8,6.2,3.0,14.7,23.0,88.5
2009,11,12.0,Miami Heat,7,240.0,31.3,69.6,0.45,7.1,20.0,0.357,24.1,49.6,0.487,18.4,22.6,0.816,8.9,29.9,38.7,15.0,6.1,5.7,13.4,22.1,88.1
2009,12,13.0,Portland Trail Blazers,6,240.0,33.3,74.5,0.447,5.5,14.2,0.388,27.8,60.3,0.461,15.0,19.7,0.763,9.8,26.5,36.3,14.7,6.0,7.5,11.3,21.7,87.2
2009,13,14.0,New Orleans Hornets,5,240.0,27.8,70.2,0.396,6.0,18.4,0.326,21.8,51.8,0.421,22.6,28.0,0.807,9.2,27.8,37.0,15.8,6.6,2.6,18.4,24.8,84.2
2009,14,15.0,Atlanta Hawks,11,240.0,30.1,73.6,0.409,6.1,17.5,0.347,24.0,56.1,0.428,17.7,23.8,0.744,10.7,24.2,34.9,16.9,6.9,3.4,12.1,21.4,84.0
2009,15,16.0,Detroit Pistons,4,240.0,31.5,77.0,0.409,3.0,12.3,0.245,28.5,64.8,0.44,12.0,14.5,0.828,7.5,26.0,33.5,16.5,4.3,3.0,11.3,23.8,78.0
2009,16,,League Average,11,242.9,34.9,77.3,0.451,6.9,19.3,0.357,28.0,58.0,0.483,20.0,26.3,0.76,9.9,29.9,39.8,19.0,7.1,4.8,13.2,22.7,96.7
2010,0,1.0,Denver Nuggets,6,240.0,37.3,78.5,0.476,6.5,18.2,0.358,30.8,60.3,0.511,28.2,36.8,0.765,10.3,29.3,39.7,19.2,8.2,4.7,13.7,30.8,109.3
2010,1,2.0,Phoenix Suns,16,240.0,38.0,79.6,0.477,9.4,24.4,0.384,28.6,55.2,0.519,21.8,28.1,0.773,10.7,29.4,40.1,20.8,5.9,4.1,12.6,22.4,107.1
2010,2,3.0,Utah Jazz,10,240.0,38.1,79.5,0.479,6.5,17.4,0.374,31.6,62.1,0.509,24.4,33.5,0.728,10.9,28.7,39.6,23.8,5.9,4.4,13.2,27.0,107.1
2010,3,4.0,Los Angeles Lakers,23,240.0,37.3,81.2,0.46,6.8,20.7,0.33,30.5,60.5,0.505,19.6,26.0,0.754,12.8,30.1,42.9,19.7,6.7,6.2,12.5,23.2,101.1
2010,4,5.0,Cleveland Cavaliers,11,240.0,34.9,74.5,0.469,7.2,20.6,0.348,27.7,53.8,0.515,23.2,31.3,0.741,8.6,31.1,39.7,21.1,6.1,6.6,14.9,21.9,100.2
2010,5,6.0,Chicago Bulls,5,240.0,37.8,86.2,0.439,3.2,10.8,0.296,34.6,75.4,0.459,18.2,22.8,0.798,10.8,30.2,41.0,19.0,5.8,3.0,10.0,21.4,97.0
2010,6,7.0,Orlando Magic,14,241.8,32.8,70.8,0.463,9.9,26.9,0.366,22.9,43.9,0.523,21.1,30.1,0.701,9.3,31.1,40.4,16.9,6.4,5.5,13.7,22.4,96.6
2010,7,8.0,San Antonio Spurs,10,240.0,36.4,78.5,0.464,4.8,14.2,0.338,31.6,64.3,0.491,18.5,26.6,0.695,10.1,31.0,41.1,19.2,6.8,4.3,12.7,21.0,96.1
2010,8,9.0,Boston Celtics,24,241.0,34.3,75.7,0.453,5.8,16.0,0.363,28.5,59.7,0.477,19.5,25.8,0.755,8.8,30.3,39.1,21.1,8.0,4.6,13.9,24.6,93.9
2010,9,10.0,Oklahoma City Thunder,6,240.0,30.7,78.5,0.391,5.5,18.5,0.297,25.2,60.0,0.419,27.0,32.3,0.835,11.7,31.7,43.3,16.2,6.5,6.2,12.5,22.8,93.8
2010,10,11.0,Portland Trail Blazers,6,240.0,33.0,76.8,0.43,6.3,16.7,0.38,26.7,60.2,0.443,20.7,28.0,0.738,10.8,26.5,37.3,19.5,6.0,4.3,11.0,23.2,93.0
2010,11,12.0,Dallas Mavericks,6,240.0,34.0,79.3,0.429,6.3,19.3,0.328,27.7,60.0,0.461,18.5,23.3,0.793,12.0,31.8,43.8,18.5,7.5,5.0,13.0,22.5,92.8
2010,12,13.0,Milwaukee Bucks,7,240.0,33.7,79.6,0.424,6.6,21.3,0.309,27.1,58.3,0.466,16.0,19.9,0.806,11.1,28.0,39.1,16.3,6.3,3.3,12.4,21.0,90.0
2010,13,14.0,Atlanta Hawks,11,240.0,33.8,79.6,0.425,4.5,13.6,0.333,29.3,66.0,0.444,17.3,22.0,0.785,13.0,26.9,39.9,16.4,6.4,5.1,11.7,21.2,89.5
2010,14,15.0,Miami Heat,5,240.0,33.6,77.2,0.435,6.8,18.2,0.374,26.8,59.0,0.454,13.6,18.6,0.731,9.4,28.2,37.6,17.6,7.0,5.0,17.8,22.8,87.6
2010,15,16.0,Charlotte Bobcats,4,240.0,31.3,70.5,0.443,4.8,17.0,0.279,26.5,53.5,0.495,18.3,25.5,0.716,8.5,28.0,36.5,20.3,5.5,4.5,15.5,26.8,85.5
2010,16,,League Average,10,240.3,35.2,77.8,0.453,6.6,19.0,0.349,28.6,58.8,0.486,20.4,27.1,0.752,10.6,29.7,40.3,19.4,6.7,5.0,13.1,23.3,97.5
2011,0,1.0,Oklahoma City Thunder,17,247.4,35.3,79.7,0.443,6.3,19.9,0.316,29.0,59.8,0.485,25.6,31.4,0.816,13.1,32.9,45.9,17.6,6.8,7.6,15.4,25.0,102.5
2011,1,2.0,Memphis Grizzlies,13,249.6,36.7,84.0,0.437,3.8,12.1,0.318,32.8,71.9,0.457,21.4,28.2,0.76,12.5,30.6,43.1,18.8,8.0,6.0,13.1,23.6,98.6
2011,2,3.0,Dallas Mavericks,21,241.2,34.5,74.9,0.461,8.8,22.2,0.394,25.7,52.6,0.489,20.5,25.4,0.809,9.7,28.7,38.4,20.1,7.1,4.1,12.9,20.1,98.2
2011,3,4.0,Denver Nuggets,5,240.0,32.6,77.0,0.423,6.8,18.4,0.37,25.8,58.6,0.44,25.4,36.0,0.706,7.4,30.6,38.0,17.6,6.6,3.6,12.2,23.8,97.4
2011,4,5.0,Boston Celtics,9,242.8,35.8,76.9,0.465,7.4,16.0,0.465,28.3,60.9,0.465,15.7,20.1,0.779,8.9,30.1,39.0,21.0,7.3,4.2,15.7,21.9,94.7
2011,5,6.0,San Antonio Spurs,6,244.2,33.7,77.2,0.436,5.3,18.2,0.294,28.3,59.0,0.48,21.7,28.5,0.76,10.2,31.5,41.7,17.8,7.3,5.8,14.3,21.5,94.3
2011,6,7.0,Los Angeles Lakers,10,240.0,34.7,77.8,0.446,4.8,16.6,0.289,29.9,61.2,0.489,19.0,24.5,0.776,12.6,28.3,40.9,18.9,6.9,5.1,12.5,20.6,93.2
2011,7,8.0,Miami Heat,21,242.4,32.6,73.3,0.445,5.9,17.9,0.331,26.7,55.4,0.482,21.6,27.8,0.777,10.1,30.9,41.0,16.5,7.3,6.0,13.9,19.2,92.8
2011,8,9.0,Chicago Bulls,16,241.6,34.0,80.6,0.422,6.3,19.2,0.329,27.7,61.4,0.451,18.2,23.2,0.784,13.4,30.2,43.6,20.1,7.3,6.6,13.6,21.3,92.5
2011,9,10.0,New York Knicks,4,240.0,32.0,83.0,0.386,8.3,23.8,0.347,23.8,59.3,0.401,18.5,24.8,0.747,14.5,26.0,40.5,16.8,6.5,6.8,15.3,18.8,90.8
2011,10,11.0,Indiana Pacers,5,240.0,32.8,80.2,0.409,5.8,15.4,0.377,27.0,64.8,0.417,18.8,24.4,0.77,13.0,25.4,38.4,16.0,8.2,5.6,15.2,23.0,90.2
2011,11,12.0,New Orleans Hornets,6,240.0,32.8,71.8,0.457,4.5,14.0,0.321,28.3,57.8,0.49,19.2,25.8,0.742,7.7,25.8,33.5,20.2,7.2,3.0,12.8,23.7,89.3
2011,12,13.0,Orlando Magic,6,240.0,31.0,75.8,0.409,6.2,23.5,0.262,24.8,52.3,0.475,20.5,27.8,0.737,11.8,30.5,42.3,14.5,6.5,4.0,12.8,21.5,88.7
2011,13,14.0,Portland Trail Blazers,6,240.0,33.2,73.2,0.453,5.0,16.7,0.3,28.2,56.5,0.499,16.8,21.5,0.783,9.2,28.5,37.7,17.0,5.7,5.2,11.5,20.8,88.2
2011,14,15.0,Philadelphia 76ers,5,240.0,33.8,81.6,0.414,6.4,16.4,0.39,27.4,65.2,0.42,12.6,17.4,0.724,10.6,30.0,40.6,20.4,6.4,3.6,10.6,20.4,86.6
2011,15,16.0,Atlanta Hawks,12,240.0,32.9,75.8,0.434,4.5,13.9,0.323,28.4,61.9,0.459,15.9,21.9,0.726,9.0,28.2,37.2,18.1,6.3,5.0,12.4,20.3,86.3
2011,16,,League Average,10,242.5,34.0,77.4,0.439,6.1,17.9,0.341,27.9,59.5,0.468,20.0,25.8,0.774,11.0,29.7,40.7,18.4,7.0,5.4,13.5,21.5,94.0
2012,0,1.0,San Antonio Spurs,14,240.0,37.9,78.9,0.481,9.4,22.6,0.416,28.5,56.2,0.507,16.7,22.9,0.731,8.6,32.0,40.6,22.9,6.5,4.6,14.3,20.4,102.0
2012,1,2.0,Oklahoma City Thunder,20,240.0,37.2,80.0,0.465,6.8,19.2,0.355,30.4,60.8,0.5,20.1,24.5,0.82,9.3,30.5,39.8,18.0,8.7,6.9,11.6,22.4,101.3
2012,2,3.0,Miami Heat,23,242.2,35.0,76.0,0.46,6.8,19.7,0.347,28.1,56.4,0.499,20.6,27.7,0.744,10.2,30.3,40.4,17.5,7.3,5.0,13.0,20.6,97.3
2012,3,4.0,Denver Nuggets,7,240.0,38.4,89.3,0.43,5.3,19.0,0.278,33.1,70.3,0.472,14.6,20.3,0.718,15.4,32.3,47.7,20.9,7.0,6.9,11.1,21.0,96.7
2012,4,5.0,Los Angeles Lakers,12,240.0,35.2,83.2,0.423,5.3,17.3,0.304,29.9,65.9,0.454,18.4,23.7,0.778,14.2,30.7,44.8,18.8,5.8,7.8,12.5,19.7,94.0
2012,5,6.0,Dallas Mavericks,4,240.0,31.5,78.0,0.404,8.0,21.5,0.372,23.5,56.5,0.416,22.3,26.8,0.832,10.5,30.0,40.5,15.5,8.0,3.5,14.5,20.8,93.3
2012,6,7.0,Memphis Grizzlies,7,243.6,32.6,76.3,0.427,3.4,11.9,0.289,29.1,64.4,0.452,22.9,30.7,0.744,13.4,29.3,42.7,16.3,7.1,4.9,15.4,23.3,91.4
2012,7,8.0,Indiana Pacers,11,242.3,33.7,79.5,0.424,5.7,17.9,0.32,28.0,61.5,0.455,17.7,23.0,0.771,12.4,31.6,44.0,16.3,6.9,5.5,15.1,22.0,90.9
2012,8,9.0,Los Angeles Clippers,11,242.3,34.5,75.3,0.458,6.2,16.4,0.378,28.3,58.9,0.48,15.8,23.7,0.667,8.7,28.1,36.8,17.3,9.5,6.5,14.7,24.1,90.9
2012,9,10.0,Boston Celtics,20,243.8,33.8,77.2,0.438,4.7,16.3,0.285,29.2,60.9,0.479,17.3,21.6,0.799,8.0,31.9,39.9,19.8,8.2,4.9,13.0,21.7,89.5
2012,10,11.0,Utah Jazz,4,240.0,32.8,85.8,0.382,2.3,11.3,0.2,30.5,74.5,0.409,18.5,26.3,0.705,16.0,32.5,48.5,16.8,6.5,6.8,13.5,20.3,86.3
2012,11,12.0,Philadelphia 76ers,13,240.0,32.1,78.1,0.411,4.0,13.2,0.304,28.1,64.9,0.432,17.5,24.4,0.719,10.8,31.0,41.8,18.2,7.6,5.3,11.5,18.7,85.7
2012,12,13.0,Chicago Bulls,6,240.0,34.0,80.7,0.421,4.3,12.7,0.342,29.7,68.0,0.436,12.0,18.5,0.649,11.5,35.3,46.8,22.5,5.2,6.7,14.3,20.5,84.3
2012,13,14.0,Orlando Magic,5,245.0,31.0,77.8,0.398,8.4,24.6,0.341,22.6,53.2,0.425,13.4,19.0,0.705,9.8,28.6,38.4,17.2,6.0,4.4,14.0,19.0,83.8
2012,14,15.0,New York Knicks,5,240.0,30.6,73.4,0.417,5.0,18.2,0.275,25.6,55.2,0.464,16.6,21.8,0.761,12.4,28.0,40.4,12.6,6.0,2.2,18.4,24.2,82.8
2012,15,16.0,Atlanta Hawks,6,244.2,31.8,79.3,0.401,5.8,18.8,0.31,26.0,60.5,0.43,12.7,16.2,0.784,10.0,32.5,42.5,17.5,5.5,3.3,15.3,19.8,82.2
2012,16,,League Average,11,241.5,34.5,78.8,0.438,5.9,17.8,0.333,28.6,61.1,0.469,17.8,23.7,0.754,10.7,30.9,41.5,18.4,7.3,5.5,13.4,21.2,92.8
2013,0,1.0,Denver Nuggets,6,240.0,37.2,84.8,0.438,7.0,22.5,0.311,30.2,62.3,0.484,21.7,29.7,0.73,11.8,26.8,38.7,21.2,9.0,2.8,14.5,23.2,103.0
2013,1,2.0,Golden State Warriors,12,246.3,39.0,84.4,0.462,8.7,22.3,0.388,30.3,62.1,0.489,16.0,21.8,0.736,11.5,34.6,46.1,21.7,6.4,4.9,16.5,23.8,102.7
2013,2,3.0,San Antonio Spurs,21,247.1,38.0,82.2,0.463,7.9,20.8,0.378,30.2,61.4,0.492,16.4,21.5,0.763,9.7,32.9,42.6,21.9,7.9,5.0,12.9,19.1,100.3
2013,3,4.0,Houston Rockets,6,240.0,34.3,81.0,0.424,11.7,33.7,0.347,22.7,47.3,0.479,19.7,27.7,0.711,10.8,32.7,43.5,18.0,5.8,5.5,15.8,23.2,100.0
2013,4,5.0,Brooklyn Nets,7,250.7,37.0,83.7,0.442,6.1,19.4,0.316,30.9,64.3,0.48,19.3,25.4,0.758,11.7,30.4,42.1,19.9,6.3,5.6,11.6,19.9,99.4
2013,5,6.0,Oklahoma City Thunder,11,242.3,34.8,81.6,0.427,8.6,24.7,0.349,26.2,56.9,0.46,20.2,24.1,0.838,9.8,33.1,42.9,18.1,6.0,7.0,13.6,24.9,98.5
2013,6,7.0,Miami Heat,23,242.2,35.8,76.6,0.468,7.7,20.2,0.381,28.1,56.4,0.499,17.8,23.2,0.766,9.7,28.4,38.1,20.6,8.3,5.4,13.1,22.2,97.1
2013,7,8.0,Los Angeles Clippers,6,240.0,35.2,75.3,0.467,5.8,19.2,0.304,29.3,56.2,0.522,18.5,23.7,0.782,8.8,28.3,37.2,18.0,5.2,5.7,13.3,27.8,94.7
2013,8,9.0,Memphis Grizzlies,15,245.0,34.1,81.5,0.418,4.8,14.8,0.324,29.3,66.7,0.439,21.7,29.1,0.748,11.7,30.0,41.7,19.3,7.3,4.6,10.7,22.1,94.7
2013,9,10.0,Chicago Bulls,12,246.3,35.0,79.9,0.438,5.4,17.0,0.319,29.6,62.9,0.47,16.5,22.9,0.72,11.8,29.0,40.8,19.5,6.4,4.6,14.3,22.4,91.9
2013,10,11.0,Indiana Pacers,19,241.3,32.2,74.4,0.433,6.3,19.2,0.327,25.9,55.2,0.47,21.1,28.5,0.74,12.7,32.9,45.6,17.5,5.4,4.5,16.4,22.4,91.8
2013,11,12.0,Atlanta Hawks,6,240.0,32.7,77.3,0.422,6.2,18.7,0.33,26.5,58.7,0.452,17.8,26.2,0.682,8.3,30.0,38.3,19.2,7.3,3.8,12.2,24.2,89.3
2013,12,13.0,New York Knicks,12,242.1,33.3,81.0,0.41,8.0,23.3,0.343,25.3,57.7,0.438,14.1,18.0,0.782,10.7,28.8,39.5,15.1,8.8,4.3,11.6,23.8,88.6
2013,13,14.0,Los Angeles Lakers,4,240.0,34.5,78.0,0.442,5.0,18.5,0.27,29.5,59.5,0.496,11.3,18.5,0.608,8.5,31.5,40.0,18.5,5.8,5.3,16.5,17.5,85.3
2013,14,15.0,Milwaukee Bucks,4,240.0,33.3,76.8,0.433,6.0,23.0,0.261,27.3,53.8,0.507,12.8,20.3,0.63,8.8,26.0,34.8,19.8,10.0,2.5,16.3,19.8,85.3
2013,15,16.0,Boston Celtics,6,244.2,28.5,69.0,0.413,6.8,20.7,0.331,21.7,48.3,0.448,18.5,21.5,0.86,5.2,33.8,39.0,16.8,5.5,3.0,17.3,18.8,82.3
2013,16,,League Average,11,243.5,35.0,79.4,0.441,7.1,20.6,0.344,27.9,58.8,0.475,18.1,24.0,0.751,10.5,30.8,41.3,19.3,7.0,4.8,13.8,22.2,95.2
2014,0,1.0,Houston Rockets,6,252.5,40.8,91.7,0.445,8.2,25.7,0.318,32.7,66.0,0.495,22.2,29.8,0.743,16.7,32.5,49.2,18.3,6.0,5.0,13.8,26.0,112.0
2014,1,2.0,Los Angeles Clippers,13,240.0,39.4,85.4,0.461,9.2,25.8,0.355,30.2,59.6,0.507,20.8,28.5,0.73,11.4,28.4,39.8,23.8,9.4,4.4,12.6,24.3,108.8
2014,2,3.0,Golden State Warriors,7,240.0,38.3,83.1,0.46,9.6,26.3,0.364,28.7,56.9,0.505,20.3,27.9,0.728,13.1,29.6,42.7,24.4,7.0,4.6,17.3,25.3,106.4
2014,3,4.0,San Antonio Spurs,23,241.1,39.7,80.9,0.491,8.8,21.6,0.409,30.9,59.3,0.521,18.0,23.5,0.767,9.4,32.6,42.0,22.2,8.1,3.5,12.6,19.8,106.3
2014,4,5.0,Portland Trail Blazers,11,246.8,38.4,87.7,0.437,7.9,22.8,0.347,30.5,64.9,0.469,19.6,24.6,0.797,11.7,32.5,44.2,17.5,5.9,6.0,13.8,22.5,104.3
2014,5,6.0,Oklahoma City Thunder,19,246.6,36.6,81.4,0.45,7.5,23.3,0.323,29.1,58.1,0.5,21.8,26.6,0.82,11.2,34.1,45.2,19.3,6.3,6.2,15.1,23.0,102.5
2014,6,7.0,Dallas Mavericks,7,240.0,39.1,86.7,0.451,8.4,22.4,0.376,30.7,64.3,0.478,14.4,18.9,0.765,11.7,29.0,40.7,19.1,6.6,4.1,11.4,20.3,101.1
2014,7,8.0,Miami Heat,20,240.0,35.4,72.2,0.491,9.3,23.5,0.396,26.1,48.7,0.536,17.2,22.0,0.78,6.0,28.1,34.0,18.3,7.4,3.9,12.2,20.7,97.3
2014,8,9.0,Memphis Grizzlies,7,254.3,36.7,88.1,0.417,4.4,15.3,0.29,32.3,72.9,0.443,18.9,25.9,0.729,12.9,29.9,42.7,21.7,9.0,2.4,11.1,20.9,96.7
2014,9,10.0,Toronto Raptors,7,240.0,32.7,74.1,0.441,6.6,21.0,0.313,26.1,53.1,0.492,24.1,29.0,0.833,10.1,31.6,41.7,17.7,5.6,3.0,15.3,25.9,96.1
2014,10,11.0,Brooklyn Nets,12,240.0,34.8,75.1,0.463,7.8,22.7,0.342,27.0,52.4,0.515,18.3,24.8,0.737,10.0,27.8,37.8,18.3,6.9,2.8,12.3,22.3,95.5
2014,11,12.0,Atlanta Hawks,7,240.0,30.3,78.7,0.385,11.3,32.9,0.343,19.0,45.9,0.414,20.6,24.9,0.828,9.1,30.1,39.3,16.9,6.6,4.6,13.6,20.9,92.4
2014,12,13.0,Charlotte Hornets,4,240.0,33.8,75.3,0.449,7.8,21.3,0.365,26.0,54.0,0.481,16.8,23.5,0.713,8.3,31.5,39.8,19.8,4.3,4.5,15.0,20.3,92.0
2014,13,14.0,Indiana Pacers,19,240.0,33.6,74.5,0.451,7.3,19.3,0.38,26.3,55.3,0.476,17.0,23.4,0.727,8.2,31.3,39.5,18.8,7.1,4.2,13.6,20.7,91.6
2014,14,15.0,Washington Wizards,11,242.3,34.5,79.7,0.432,5.6,16.8,0.335,28.8,62.9,0.458,15.8,22.7,0.696,11.7,33.2,44.9,19.5,7.5,5.6,12.8,22.3,90.4
2014,15,16.0,Chicago Bulls,5,245.0,33.2,78.6,0.422,6.4,19.2,0.333,26.8,59.4,0.451,17.2,22.8,0.754,12.2,29.6,41.8,20.2,5.0,4.4,13.2,22.0,90.0
2014,16,,League Average,11,242.5,36.4,80.0,0.455,8.0,22.3,0.358,28.3,57.6,0.492,18.8,24.7,0.763,10.2,30.9,41.1,19.8,7.1,4.4,13.3,22.0,99.5
2015,0,1.0,Dallas Mavericks,5,240.0,41.6,92.0,0.452,7.6,24.4,0.311,34.0,67.6,0.503,19.2,25.2,0.762,13.6,33.8,47.4,21.2,7.0,4.6,14.2,27.2,110.0
2015,1,2.0,Houston Rockets,17,240.0,37.4,83.4,0.448,9.5,27.5,0.344,27.9,55.8,0.499,24.0,36.7,0.654,10.9,34.8,45.7,21.9,8.4,5.5,15.5,23.4,108.2
2015,2,3.0,Los Angeles Clippers,14,241.8,39.5,84.8,0.466,8.4,25.4,0.329,31.1,59.4,0.525,20.4,30.6,0.667,9.6,35.0,44.6,22.5,8.6,5.9,13.1,24.8,107.8
2015,3,4.0,San Antonio Spurs,7,243.6,38.3,85.3,0.449,9.6,26.1,0.366,28.7,59.1,0.486,17.3,25.4,0.68,11.7,34.7,46.4,24.1,6.1,4.7,12.1,24.9,103.4
2015,4,5.0,Golden State Warriors,21,243.6,38.2,84.2,0.453,11.4,30.5,0.374,26.8,53.7,0.498,15.5,22.1,0.699,11.6,34.0,45.6,24.5,8.0,5.8,14.6,22.4,103.3
2015,5,6.0,Washington Wizards,10,242.5,37.3,84.5,0.441,9.4,23.3,0.403,27.9,61.2,0.456,17.1,23.7,0.722,11.6,35.6,47.2,23.1,7.1,5.3,14.5,20.0,101.1
2015,6,7.0,New Orleans Pelicans,4,246.3,38.0,84.3,0.451,6.8,21.3,0.318,31.3,63.0,0.496,18.0,22.3,0.809,10.8,31.3,42.0,23.3,7.5,5.8,13.5,23.8,100.8
2015,7,8.0,Cleveland Cavaliers,20,243.8,34.7,82.7,0.42,9.8,28.7,0.34,25.0,54.0,0.462,19.9,26.9,0.738,12.3,34.9,47.1,18.0,6.3,6.4,13.0,20.9,99.0
2015,8,9.0,Atlanta Hawks,16,243.1,36.9,85.6,0.431,9.1,28.6,0.317,27.8,56.9,0.488,15.2,19.4,0.781,9.8,33.9,43.7,23.8,8.5,4.9,12.7,19.7,98.0
2015,9,10.0,Brooklyn Nets,6,244.2,36.2,83.2,0.435,8.5,24.0,0.354,27.7,59.2,0.468,15.5,20.8,0.744,9.5,35.0,44.5,21.7,7.5,3.3,14.3,19.0,96.3
2015,10,11.0,Toronto Raptors,4,246.3,36.8,88.3,0.416,7.5,25.0,0.3,29.3,63.3,0.462,15.3,21.3,0.718,8.8,29.8,38.5,19.5,7.5,2.3,12.0,25.0,96.3
2015,11,12.0,Chicago Bulls,12,244.2,35.1,83.8,0.419,9.2,24.6,0.373,25.9,59.2,0.438,16.7,21.5,0.775,11.7,33.8,45.4,22.2,7.2,6.6,14.0,18.8,96.0
2015,12,13.0,Boston Celtics,4,240.0,34.8,82.8,0.42,5.5,21.5,0.256,29.3,61.3,0.478,19.8,25.5,0.775,10.0,30.8,40.8,20.0,5.3,3.8,13.5,26.8,94.8
2015,13,14.0,Memphis Grizzlies,11,240.0,35.7,84.1,0.425,4.4,14.0,0.312,31.4,70.1,0.447,18.9,22.7,0.832,10.5,32.9,43.5,20.4,8.6,4.1,11.0,19.4,94.7
2015,14,15.0,Portland Trail Blazers,5,240.0,33.4,83.6,0.4,9.2,26.2,0.351,24.2,57.4,0.422,17.8,21.6,0.824,10.0,34.2,44.2,16.6,3.4,5.2,11.6,20.6,93.8
2015,15,16.0,Milwaukee Bucks,6,248.3,34.2,88.2,0.388,5.5,18.2,0.303,28.7,70.0,0.41,14.7,20.8,0.704,12.2,31.5,43.7,20.3,10.8,6.7,13.2,21.2,88.5
2015,16,,League Average,10,242.8,36.8,84.5,0.435,8.8,25.5,0.344,28.0,59.0,0.475,18.1,25.0,0.725,11.0,34.0,45.0,21.8,7.6,5.4,13.5,21.9,100.5
2016,0,1.0,Golden State Warriors,24,241.0,38.9,85.6,0.455,12.8,32.4,0.393,26.2,53.2,0.492,17.1,23.3,0.735,10.5,32.7,43.2,24.3,8.0,5.5,14.0,22.0,107.7
2016,1,2.0,Oklahoma City Thunder,18,240.0,38.2,84.5,0.452,8.3,24.9,0.333,29.9,59.6,0.502,21.7,27.6,0.786,12.5,34.4,46.9,20.5,7.7,5.4,13.9,20.3,106.4
2016,2,3.0,Portland Trail Blazers,11,242.3,37.1,89.1,0.416,11.9,31.3,0.381,25.2,57.8,0.436,18.9,25.5,0.74,12.9,34.7,47.6,21.5,6.2,3.9,13.1,23.5,105.0
2016,3,4.0,Cleveland Cavaliers,21,240.0,38.3,81.8,0.469,12.3,30.2,0.406,26.0,51.5,0.506,15.8,21.8,0.725,10.7,32.6,43.3,21.2,7.8,4.2,12.5,19.6,104.8
2016,4,5.0,San Antonio Spurs,10,240.0,38.7,82.5,0.469,8.2,19.1,0.429,30.5,63.4,0.481,16.4,20.5,0.8,7.9,31.6,39.5,21.3,9.1,7.0,11.6,18.2,102.0
2016,5,6.0,Atlanta Hawks,10,242.5,36.6,84.8,0.432,10.6,31.8,0.333,26.0,53.0,0.491,16.3,20.5,0.795,8.9,35.4,44.3,22.6,7.5,7.6,14.4,20.2,100.1
2016,6,7.0,Los Angeles Clippers,6,240.0,37.2,85.0,0.437,5.7,19.5,0.291,31.5,65.5,0.481,18.3,29.3,0.625,11.3,34.8,46.2,18.2,8.5,4.7,9.7,20.5,98.3
2016,7,8.0,Miami Heat,14,245.4,36.9,80.5,0.458,6.9,19.1,0.358,30.0,61.4,0.489,16.3,21.3,0.765,9.1,35.1,44.2,16.4,5.4,5.9,13.1,21.2,96.9
2016,8,9.0,Detroit Pistons,4,240.0,36.0,75.3,0.478,8.8,23.3,0.376,27.3,52.0,0.524,14.3,22.0,0.648,7.0,30.8,37.8,21.8,5.3,3.3,10.5,19.0,95.0
2016,9,10.0,Boston Celtics,6,244.2,34.3,89.5,0.384,8.7,31.5,0.275,25.7,58.0,0.443,16.5,21.0,0.786,10.7,35.3,46.0,21.0,6.3,6.5,14.7,22.0,93.8
2016,10,11.0,Dallas Mavericks,5,240.0,35.4,81.2,0.436,6.2,21.4,0.29,29.2,59.8,0.488,16.8,24.2,0.694,9.2,25.8,35.0,20.6,6.0,2.4,11.8,24.0,93.8
2016,11,12.0,Indiana Pacers,7,240.0,33.0,74.9,0.441,8.1,21.3,0.383,24.9,53.6,0.464,19.6,23.9,0.82,9.1,30.1,39.3,18.1,7.6,5.6,14.4,22.3,93.7
2016,12,13.0,Toronto Raptors,20,243.8,34.3,81.4,0.421,6.9,23.0,0.298,27.4,58.5,0.469,18.1,24.5,0.737,10.8,29.6,40.4,15.7,7.5,3.7,13.0,21.9,93.4
2016,13,14.0,Houston Rockets,5,240.0,33.0,85.6,0.386,7.6,28.4,0.268,25.4,57.2,0.444,17.6,27.4,0.642,14.4,33.0,47.4,18.0,8.4,4.2,19.0,25.6,91.2
2016,14,15.0,Charlotte Hornets,7,240.0,31.9,80.4,0.396,5.7,18.6,0.308,26.1,61.9,0.423,20.9,24.9,0.839,7.1,29.7,36.9,13.6,5.7,3.3,9.4,17.4,90.3
2016,15,16.0,Memphis Grizzlies,4,240.0,32.0,81.3,0.394,4.8,16.0,0.297,27.3,65.3,0.418,12.3,17.5,0.7,13.8,27.3,41.0,16.5,7.8,4.0,15.5,21.5,81.0
2016,16,,League Average,11,241.5,36.5,83.1,0.44,9.1,25.8,0.354,27.4,57.3,0.478,17.6,23.6,0.747,10.5,32.5,43.0,19.9,7.3,5.0,13.2,21.1,99.8
2017,0,1.0,Golden State Warriors,17,240.0,42.9,87.0,0.494,12.7,32.9,0.386,30.2,54.1,0.559,20.7,25.4,0.815,9.3,36.5,45.8,28.2,8.7,6.1,13.6,21.8,119.3
2017,1,2.0,Cleveland Cavaliers,18,240.0,40.9,83.1,0.493,14.2,33.9,0.42,26.7,49.2,0.544,20.1,26.2,0.767,9.2,32.9,42.2,22.1,7.4,4.7,13.1,18.8,116.2
2017,2,3.0,Indiana Pacers,4,240.0,40.5,87.0,0.466,11.3,28.8,0.391,29.3,58.3,0.502,16.5,21.5,0.767,11.8,30.3,42.0,22.5,8.0,3.8,13.3,22.8,108.8
2017,3,4.0,Washington Wizards,13,241.9,40.1,87.6,0.457,8.4,26.5,0.317,31.7,61.2,0.518,19.5,24.6,0.794,11.2,31.8,43.0,22.8,7.9,6.6,13.8,23.0,108.1
2017,4,5.0,Houston Rockets,11,242.3,37.3,85.0,0.439,12.8,38.5,0.333,24.5,46.5,0.525,20.4,25.8,0.789,9.9,33.0,42.9,19.5,7.7,4.6,14.0,20.9,107.7
2017,5,6.0,San Antonio Spurs,16,243.1,40.0,86.6,0.462,8.6,24.4,0.35,31.4,62.1,0.506,18.5,23.9,0.773,12.8,31.7,44.4,21.3,7.8,4.7,12.8,18.8,107.1
2017,6,7.0,Atlanta Hawks,6,240.0,37.5,84.5,0.444,8.3,27.3,0.305,29.2,57.2,0.51,22.2,29.0,0.764,11.3,33.0,44.3,22.3,6.0,3.3,16.0,21.3,105.5
2017,7,8.0,Boston Celtics,18,241.4,38.4,84.1,0.457,12.7,34.4,0.369,25.7,49.6,0.517,15.7,20.3,0.773,9.4,28.5,37.9,26.9,7.7,4.1,13.4,20.8,105.2
2017,8,9.0,Oklahoma City Thunder,5,240.0,38.6,87.4,0.442,8.4,27.0,0.311,30.2,60.4,0.5,18.6,27.0,0.689,12.2,31.4,43.6,19.8,8.4,8.0,12.8,22.2,104.2
2017,9,10.0,Portland Trail Blazers,4,240.0,35.5,89.5,0.397,11.0,34.0,0.324,24.5,55.5,0.441,19.5,24.3,0.804,10.0,34.0,44.0,15.8,7.3,4.8,15.3,21.8,101.5
2017,10,11.0,Utah Jazz,11,240.0,35.6,78.4,0.455,9.5,25.9,0.365,26.2,52.5,0.499,17.1,23.4,0.732,6.7,32.4,39.1,19.7,7.4,3.2,12.1,21.1,97.8
2017,11,12.0,Los Angeles Clippers,7,240.0,36.4,77.0,0.473,8.1,23.4,0.348,28.3,53.6,0.528,16.7,24.0,0.696,7.7,30.1,37.9,18.4,6.3,2.4,12.1,20.3,97.7
2017,12,13.0,Toronto Raptors,10,240.0,35.3,79.5,0.444,7.8,23.5,0.332,27.5,56.0,0.491,18.3,22.5,0.813,6.8,32.5,39.3,19.6,7.4,4.4,12.9,20.9,96.7
2017,13,14.0,Chicago Bulls,6,240.0,36.3,82.5,0.44,7.0,23.5,0.298,29.3,59.0,0.497,16.8,19.8,0.849,12.5,34.2,46.7,20.0,7.2,5.2,15.3,18.3,96.5
2017,14,15.0,Memphis Grizzlies,6,244.2,34.7,77.2,0.449,9.3,24.2,0.386,25.3,53.0,0.478,17.7,20.3,0.869,7.7,27.8,35.5,18.8,5.2,2.5,11.3,22.2,96.3
2017,15,16.0,Milwaukee Bucks,6,240.0,34.8,78.2,0.446,9.0,21.7,0.415,25.8,56.5,0.457,14.5,20.8,0.696,8.2,29.8,38.0,21.2,8.2,5.0,13.3,21.3,93.2
2017,16,,League Average,10,240.9,38.5,83.7,0.46,10.5,29.1,0.361,28.0,54.6,0.513,18.5,23.8,0.776,9.7,32.1,41.8,22.2,7.6,4.7,13.3,20.8,106.0
2018,0,1.0,Golden State Warriors,21,241.2,41.2,86.0,0.48,11.2,31.4,0.357,30.0,54.6,0.55,16.8,20.4,0.822,9.1,35.9,45.0,26.0,7.9,5.8,12.9,19.7,110.4
2018,1,2.0,New Orleans Pelicans,9,240.0,42.9,89.8,0.478,9.9,27.0,0.366,33.0,62.8,0.526,14.3,18.3,0.782,7.9,37.7,45.6,26.9,8.1,5.0,14.4,19.3,110.0
2018,2,3.0,Philadelphia 76ers,10,242.5,38.7,88.5,0.437,9.9,29.3,0.338,28.8,59.2,0.486,21.5,28.3,0.76,13.4,36.1,49.5,25.8,7.8,4.1,14.6,22.8,108.8
2018,3,4.0,Toronto Raptors,10,242.5,38.9,82.3,0.473,10.4,26.7,0.39,28.5,55.6,0.513,19.1,23.9,0.799,9.4,30.7,40.1,21.8,5.7,6.1,14.0,22.6,107.3
2018,4,5.0,Washington Wizards,6,240.0,39.7,85.2,0.466,8.0,21.8,0.366,31.7,63.3,0.5,19.8,23.3,0.85,8.5,31.5,40.0,23.3,7.8,5.2,13.5,21.0,107.2
2018,5,6.0,Portland Trail Blazers,4,240.0,41.3,91.0,0.453,10.8,32.3,0.333,30.5,58.8,0.519,12.3,15.8,0.778,11.3,32.3,43.5,19.0,8.3,3.8,14.5,20.5,105.5
2018,6,7.0,Houston Rockets,17,240.0,37.2,85.3,0.436,13.4,39.8,0.337,23.8,45.5,0.522,17.2,22.2,0.772,8.8,34.2,43.0,18.8,8.1,5.5,12.1,19.1,104.9
2018,7,8.0,Miami Heat,5,240.0,36.6,82.8,0.442,10.8,27.6,0.391,25.8,55.2,0.467,19.4,28.6,0.678,9.6,31.4,41.0,23.8,8.8,6.4,16.0,29.2,103.4
2018,8,9.0,Utah Jazz,11,240.0,37.7,82.9,0.455,10.7,29.9,0.359,27.0,53.0,0.509,16.2,23.5,0.687,9.4,35.6,45.0,20.3,7.5,5.0,15.5,20.5,102.4
2018,9,10.0,Milwaukee Bucks,7,243.6,39.1,78.3,0.5,9.6,25.7,0.372,29.6,52.6,0.563,14.0,19.9,0.705,5.6,33.0,38.6,22.0,6.6,6.7,13.1,22.9,101.9
2018,10,11.0,Minnesota Timberwolves,5,240.0,38.0,82.6,0.46,9.0,21.8,0.413,29.0,60.8,0.477,16.6,22.8,0.728,8.6,36.6,45.2,22.4,5.0,3.2,12.6,18.2,101.6
2018,11,12.0,Boston Celtics,19,242.6,36.4,83.3,0.437,10.5,30.6,0.343,25.9,52.7,0.493,18.1,23.5,0.767,8.8,32.8,41.7,21.2,6.8,4.1,11.6,20.4,101.4
2018,12,13.0,Oklahoma City Thunder,6,240.0,37.2,86.5,0.43,10.5,28.8,0.364,26.7,57.7,0.462,16.3,21.2,0.772,9.3,34.7,44.0,16.3,8.8,4.2,14.0,21.7,101.2
2018,13,14.0,Cleveland Cavaliers,22,242.3,36.9,81.9,0.45,10.0,30.3,0.331,26.8,51.5,0.52,17.4,23.1,0.752,9.8,31.6,41.4,19.2,6.0,4.4,12.7,19.5,101.1
2018,14,15.0,Indiana Pacers,7,240.0,38.6,80.1,0.481,9.7,27.1,0.358,28.9,53.0,0.544,13.7,19.3,0.711,8.1,31.9,40.0,21.1,8.1,2.7,13.1,21.9,100.6
2018,15,16.0,San Antonio Spurs,5,240.0,34.6,83.8,0.413,8.4,28.2,0.298,26.2,55.6,0.471,19.2,23.0,0.835,8.4,29.2,37.6,19.0,7.6,3.0,11.0,20.4,96.8
2018,16,,League Average,10,241.2,38.4,84.2,0.456,10.5,29.9,0.351,27.9,54.3,0.513,17.2,22.5,0.765,9.2,33.7,42.8,21.8,7.3,4.8,13.2,20.7,104.4
2019,0,1.0,Los Angeles Clippers,6,240.0,39.8,89.2,0.447,11.5,31.7,0.363,28.3,57.5,0.493,23.5,28.8,0.815,10.0,30.2,40.2,25.3,8.0,3.3,15.0,25.0,114.7
2019,1,2.0,Golden State Warriors,22,242.3,41.1,86.1,0.477,12.2,32.7,0.372,28.9,53.4,0.541,19.8,24.3,0.813,10.1,33.2,43.3,28.4,7.4,5.7,14.9,23.2,114.1
2019,2,3.0,Milwaukee Bucks,15,243.3,39.8,88.4,0.45,12.8,38.1,0.336,27.0,50.3,0.536,20.4,28.0,0.729,10.1,41.8,51.9,25.0,6.7,6.4,12.9,21.8,112.8
2019,3,4.0,Brooklyn Nets,5,240.0,38.4,91.4,0.42,11.0,34.0,0.324,27.4,57.4,0.477,23.6,29.2,0.808,11.4,29.2,40.6,19.2,7.4,2.8,14.2,22.8,111.4
2019,4,5.0,Portland Trail Blazers,16,247.8,39.4,90.4,0.436,11.8,32.8,0.36,27.6,57.6,0.479,19.0,24.8,0.766,11.4,33.8,45.3,19.8,6.8,5.2,12.9,22.8,109.7
2019,5,6.0,Denver Nuggets,14,247.1,39.9,90.3,0.442,9.6,27.8,0.344,30.4,62.5,0.486,19.7,25.2,0.782,13.1,34.6,47.7,24.0,5.7,4.6,9.7,21.3,109.1
2019,6,7.0,Philadelphia 76ers,12,240.0,39.4,85.8,0.459,9.4,28.4,0.331,30.0,57.4,0.522,20.4,25.8,0.79,11.4,37.1,48.5,24.4,6.3,5.5,16.4,22.4,108.7
2019,7,8.0,Houston Rockets,11,242.3,37.2,83.8,0.444,15.6,42.7,0.366,21.5,41.1,0.524,18.5,24.3,0.764,9.6,33.3,42.9,18.3,8.5,5.1,15.8,21.6,108.5
2019,8,9.0,Toronto Raptors,24,242.1,37.7,84.8,0.444,11.9,34.5,0.346,25.8,50.3,0.512,19.3,23.3,0.83,8.3,34.0,42.3,22.5,8.0,4.6,12.0,22.6,106.6
2019,9,10.0,Oklahoma City Thunder,5,240.0,37.8,86.0,0.44,10.4,31.4,0.331,27.4,54.6,0.502,19.2,25.4,0.756,10.2,33.0,43.2,22.6,6.6,5.4,15.2,24.2,105.2
2019,10,11.0,San Antonio Spurs,7,240.0,39.4,85.1,0.463,6.7,19.9,0.338,32.7,65.3,0.501,17.7,23.0,0.77,10.7,34.4,45.1,21.1,4.6,4.0,8.4,19.4,103.3
2019,11,12.0,Boston Celtics,9,240.0,35.7,84.1,0.424,11.3,33.0,0.343,24.3,51.1,0.476,19.4,24.2,0.803,7.4,40.6,48.0,21.4,5.7,3.9,14.8,20.8,102.1
2019,12,13.0,Detroit Pistons,4,240.0,37.5,96.8,0.388,11.0,33.3,0.331,26.5,63.5,0.417,12.0,16.5,0.727,10.8,31.5,42.3,23.0,7.3,4.0,10.5,24.3,98.0
2019,13,14.0,Utah Jazz,5,240.0,34.6,86.4,0.4,9.4,35.8,0.263,25.2,50.6,0.498,19.2,25.6,0.75,11.8,35.4,47.2,23.0,9.2,5.4,15.2,21.8,97.8
2019,14,15.0,Orlando Magic,5,240.0,32.2,83.0,0.388,10.4,34.8,0.299,21.8,48.2,0.452,17.2,22.2,0.775,9.6,33.8,43.4,19.0,6.6,4.0,15.6,18.8,92.0
2019,15,16.0,Indiana Pacers,4,240.0,33.5,83.5,0.401,10.0,29.8,0.336,23.5,53.8,0.437,14.8,20.5,0.72,8.0,32.3,40.3,20.8,8.3,3.5,12.0,20.0,91.8
2019,16,,League Average,10,242.4,38.5,87.0,0.443,11.4,32.9,0.345,27.1,54.0,0.502,19.4,24.7,0.784,10.2,34.8,45.0,23.0,7.0,4.9,13.4,22.2,107.7
2020,0,1.0,Dallas Mavericks,6,244.2,42.2,89.2,0.473,13.5,37.5,0.36,28.7,51.7,0.555,19.2,26.5,0.723,7.7,35.5,43.2,21.5,6.5,3.7,12.7,22.5,117.0
2020,1,2.0,Los Angeles Clippers,13,241.9,40.9,86.4,0.474,12.1,32.8,0.368,28.8,53.5,0.539,20.1,25.2,0.798,9.5,34.5,44.0,21.2,7.5,3.7,13.0,22.9,114.0
2020,2,3.0,Utah Jazz,7,243.6,39.9,81.9,0.487,15.7,37.3,0.421,24.1,44.6,0.542,18.0,23.3,0.773,9.3,31.9,41.1,21.4,6.1,3.1,12.0,19.0,113.4
2020,3,4.0,Los Angeles Lakers,21,240.0,41.0,84.0,0.489,12.1,34.2,0.354,29.0,49.8,0.581,18.6,24.6,0.758,10.6,33.5,44.1,25.6,8.0,5.3,15.4,22.7,112.8
2020,4,5.0,Milwaukee Bucks,10,242.5,40.1,87.1,0.46,13.3,37.1,0.358,26.8,50.0,0.536,17.6,24.3,0.724,9.4,37.3,46.7,24.3,7.2,4.2,14.9,21.7,111.1
2020,5,6.0,Miami Heat,21,242.4,37.7,82.0,0.46,12.8,35.5,0.359,25.0,46.5,0.536,21.8,26.4,0.825,7.8,33.6,41.3,24.9,6.9,3.9,13.2,19.9,110.0
2020,6,7.0,Boston Celtics,17,244.4,38.6,84.9,0.454,12.4,36.4,0.341,26.2,48.5,0.539,19.8,24.2,0.816,8.8,36.5,45.2,22.6,6.7,4.8,13.9,22.3,109.4
2020,7,8.0,Toronto Raptors,11,244.5,39.1,88.5,0.442,14.6,40.3,0.363,24.5,48.2,0.508,16.5,21.3,0.778,8.2,36.5,44.6,24.8,7.1,5.5,13.1,22.5,109.4
2020,8,9.0,Houston Rockets,12,242.1,37.4,85.8,0.436,16.9,46.8,0.362,20.5,39.0,0.526,15.9,20.2,0.789,6.7,32.2,38.8,21.3,9.1,3.5,13.4,22.2,107.7
2020,9,10.0,Denver Nuggets,19,241.3,38.8,82.5,0.471,12.3,32.4,0.379,26.6,50.2,0.53,17.5,21.4,0.816,9.3,31.4,40.6,22.5,6.2,4.0,13.9,22.4,107.4
2020,10,11.0,Orlando Magic,5,240.0,37.2,88.6,0.42,15.0,39.8,0.377,22.2,48.8,0.455,17.6,21.0,0.838,6.6,36.4,43.0,23.8,6.8,3.2,14.6,21.0,107.0
2020,11,12.0,Portland Trail Blazers,5,240.0,37.6,88.2,0.426,11.6,30.6,0.379,26.0,57.6,0.451,19.8,25.0,0.792,9.8,33.0,42.8,17.8,7.4,3.6,16.0,25.0,106.6
2020,12,13.0,Brooklyn Nets,4,240.0,36.3,91.3,0.397,15.5,46.0,0.337,20.8,45.3,0.459,17.8,24.5,0.724,9.3,35.0,44.3,25.8,5.0,4.5,14.5,21.3,105.8
2020,13,14.0,Oklahoma City Thunder,7,243.6,36.7,85.4,0.43,12.0,36.6,0.328,24.7,48.9,0.506,18.6,24.0,0.774,9.0,40.9,49.9,17.9,5.3,4.0,17.0,17.1,104.0
2020,14,15.0,Indiana Pacers,4,240.0,36.5,80.3,0.455,12.0,32.0,0.375,24.5,48.3,0.508,15.8,20.3,0.778,5.8,30.8,36.5,22.5,9.3,5.5,15.3,23.3,100.8
2020,15,16.0,Philadelphia 76ers,4,240.0,33.3,84.0,0.396,8.0,30.3,0.264,25.3,53.8,0.47,26.0,32.0,0.813,12.3,33.8,46.0,17.5,5.0,4.5,12.0,22.3,100.5
2020,16,,League Average,10,242.1,38.8,85.0,0.457,13.1,36.3,0.36,25.8,48.7,0.529,18.8,23.9,0.788,8.8,34.3,43.2,22.9,7.0,4.3,14.0,21.8,109.6
2021,0,1.0,Portland Trail Blazers,6,248.3,42.0,88.3,0.475,16.2,39.2,0.413,25.8,49.2,0.525,19.3,22.7,0.853,9.3,32.3,41.7,22.8,5.2,5.5,11.8,23.2,119.5
2021,1,2.0,Utah Jazz,11,240.0,39.7,84.2,0.472,18.0,43.6,0.413,21.7,40.5,0.536,19.5,24.3,0.801,9.4,33.0,42.4,19.6,5.2,4.1,13.5,21.5,116.9
2021,2,3.0,Philadelphia 76ers,12,240.0,42.5,85.8,0.496,11.2,28.4,0.393,31.3,57.3,0.547,20.1,29.3,0.685,9.0,35.7,44.7,24.9,8.0,6.2,12.8,23.0,116.3
2021,3,4.0,Memphis Grizzlies,5,240.0,44.2,94.4,0.468,10.4,31.6,0.329,33.8,62.8,0.538,16.2,20.4,0.794,11.2,30.0,41.2,22.0,8.0,4.0,10.4,20.6,115.0
2021,4,5.0,Denver Nuggets,10,245.0,42.1,92.2,0.457,14.7,38.5,0.382,27.4,53.7,0.51,15.9,20.9,0.761,11.7,31.9,43.6,24.9,6.1,4.3,11.2,20.4,114.8
2021,5,6.0,Brooklyn Nets,12,242.1,40.7,86.2,0.472,13.6,35.6,0.382,27.1,50.6,0.535,17.6,20.3,0.868,8.3,34.3,42.6,22.6,7.1,4.8,11.6,21.2,112.5
2021,6,7.0,Boston Celtics,5,240.0,38.4,88.2,0.435,12.8,36.6,0.35,25.6,51.6,0.496,22.6,27.4,0.825,12.6,28.8,41.4,21.0,6.4,7.0,13.0,21.0,112.2
2021,7,8.0,Los Angeles Clippers,19,240.0,39.1,81.9,0.477,13.8,36.4,0.381,25.3,45.6,0.554,19.5,23.7,0.823,8.8,32.4,41.2,20.8,6.8,4.3,10.7,19.5,111.6
2021,8,9.0,Milwaukee Bucks,23,242.2,42.1,91.1,0.462,11.2,35.0,0.321,30.9,56.1,0.55,14.9,20.8,0.718,12.8,36.1,49.0,22.8,7.8,4.2,12.7,18.0,110.3
2021,9,10.0,Washington Wizards,5,240.0,40.6,88.6,0.458,7.0,24.2,0.289,33.6,64.4,0.522,21.8,29.0,0.752,10.6,32.8,43.4,22.4,4.8,4.8,13.4,24.0,110.0
2021,10,11.0,Phoenix Suns,22,240.0,40.9,85.0,0.481,11.2,29.7,0.376,29.7,55.3,0.537,16.0,18.6,0.861,8.0,34.7,42.7,23.2,6.5,4.2,11.9,19.7,109.0
2021,11,12.0,Atlanta Hawks,18,240.0,38.9,86.8,0.449,11.7,34.2,0.343,27.2,52.6,0.517,16.7,20.9,0.798,9.1,33.3,42.4,20.2,6.7,4.4,12.4,21.2,106.3
2021,12,13.0,Dallas Mavericks,7,240.0,39.1,86.0,0.455,13.6,35.0,0.388,25.6,51.0,0.501,14.1,20.0,0.707,10.3,30.3,40.6,20.7,5.6,2.1,11.0,20.3,106.0
2021,13,14.0,Miami Heat,4,246.3,35.3,89.3,0.395,12.0,35.8,0.336,23.3,53.5,0.435,15.5,20.3,0.765,9.0,33.3,42.3,21.5,7.3,3.5,14.0,20.5,98.0
2021,14,15.0,Los Angeles Lakers,6,240.0,34.3,83.0,0.414,9.8,32.8,0.299,24.5,50.2,0.488,19.0,24.5,0.776,10.5,32.7,43.2,19.3,6.7,4.0,13.8,20.5,97.5
2021,15,16.0,New York Knicks,5,240.0,34.4,86.4,0.398,10.4,30.4,0.342,24.0,56.0,0.429,17.8,21.8,0.817,11.8,34.6,46.4,18.6,5.8,2.8,12.2,19.8,97.0
2021,16,,League Average,11,241.2,40.2,86.9,0.462,12.5,34.3,0.364,27.7,52.6,0.527,17.5,22.2,0.786,9.9,33.5,43.4,22.0,6.7,4.4,12.2,20.5,110.3
2022,0,1.0,Memphis Grizzlies,12,240.0,39.8,91.3,0.435,13.1,35.8,0.365,26.7,55.5,0.48,19.9,27.1,0.735,12.4,33.4,45.8,25.2,9.2,6.1,14.0,20.8,112.5
2022,1,2.0,Golden State Warriors,22,240.0,41.4,86.1,0.48,14.0,37.3,0.375,27.4,48.8,0.561,15.1,19.8,0.766,9.8,34.1,43.9,27.0,7.7,5.0,14.5,21.5,111.9
2022,2,3.0,Denver Nuggets,5,240.0,39.4,82.8,0.476,11.2,31.4,0.357,28.2,51.4,0.549,20.0,25.2,0.794,11.2,30.6,41.8,25.0,7.0,3.4,16.4,25.0,110.0
2022,3,4.0,New Orleans Pelicans,6,240.0,39.0,84.3,0.462,9.3,26.3,0.354,29.7,58.0,0.511,22.5,28.8,0.78,15.2,30.5,45.7,21.3,6.3,3.5,14.5,21.2,109.8
2022,4,5.0,Minnesota Timberwolves,6,240.0,36.3,82.0,0.443,13.8,35.7,0.388,22.5,46.3,0.486,22.7,28.0,0.81,7.0,33.0,40.0,22.8,8.2,7.8,17.7,26.8,109.2
2022,5,6.0,Brooklyn Nets,4,240.0,39.3,78.0,0.503,11.5,27.3,0.422,27.8,50.8,0.547,19.0,25.8,0.738,8.5,25.5,34.0,22.3,8.0,6.5,15.3,24.8,109.0
2022,6,7.0,Phoenix Suns,13,240.0,41.2,82.8,0.497,9.8,27.2,0.363,31.3,55.6,0.563,15.5,18.9,0.817,9.5,30.7,40.2,25.7,6.6,3.8,13.3,22.5,107.6
2022,7,8.0,Dallas Mavericks,18,240.0,36.3,80.8,0.449,15.8,41.5,0.38,20.5,39.3,0.521,18.0,23.3,0.771,6.5,30.0,36.5,19.2,7.2,2.8,10.2,21.1,106.3
2022,8,9.0,Boston Celtics,24,240.0,36.7,81.8,0.449,13.7,36.6,0.373,23.0,45.1,0.511,18.5,23.2,0.797,9.0,33.9,42.9,24.5,6.4,6.3,14.7,20.7,105.5
2022,9,10.0,Philadelphia 76ers,12,242.1,36.4,78.3,0.465,12.4,33.3,0.373,24.0,44.9,0.534,19.3,22.7,0.849,7.7,31.3,39.0,21.8,6.1,4.3,14.8,20.6,104.5
2022,10,11.0,Miami Heat,18,240.0,38.0,85.3,0.445,10.9,34.8,0.313,27.1,50.6,0.536,17.3,21.6,0.804,9.8,31.2,41.1,21.9,8.3,3.7,12.9,21.4,104.2
2022,11,12.0,Toronto Raptors,6,244.2,38.3,86.0,0.446,9.8,32.8,0.299,28.5,53.2,0.536,16.7,21.0,0.794,10.0,27.5,37.5,20.7,6.7,4.8,10.0,22.2,103.2
2022,12,13.0,Milwaukee Bucks,12,240.0,38.5,88.0,0.438,10.6,32.3,0.327,27.9,55.7,0.501,15.2,20.8,0.731,9.8,40.7,50.4,20.8,6.3,4.5,13.8,19.2,102.8
2022,13,14.0,Utah Jazz,6,240.0,35.0,79.0,0.443,8.2,29.8,0.274,26.8,49.2,0.546,20.8,26.5,0.786,9.3,35.5,44.8,17.2,4.0,3.7,11.8,22.0,99.0
2022,14,15.0,Atlanta Hawks,5,240.0,34.4,78.2,0.44,11.4,35.0,0.326,23.0,43.2,0.532,17.2,22.0,0.782,8.6,30.8,39.4,18.6,5.8,2.4,16.4,21.6,97.4
2022,15,16.0,Chicago Bulls,5,240.0,36.4,90.2,0.404,10.4,36.8,0.283,26.0,53.4,0.487,12.0,14.4,0.833,8.2,35.8,44.0,23.0,7.8,3.2,13.0,18.6,95.2
2022,16,,League Average,11,240.3,38.2,83.7,0.456,12.3,34.6,0.355,25.9,49.2,0.527,17.7,22.6,0.785,9.4,32.6,42.0,22.9,7.1,4.6,13.7,21.5,106.3
